url,discovered_from,sitemap_status,http_status,final_url,redirect_count,page_type,language,title,meta_description,h1,canonical,canonical_classification,robots_meta,indexable,hreflang,schema_types,internal_link_count,image_count,missing_alt_count,form_count,download_count,content_hash,notes
https://bostarcoating.com/,homepage-seed,NOT_IN_SITEMAP,200,https://bostarcoating.com/,0,home,zh-CN,博士达静电喷涂设备官网_智能液体粉体涂装系统_高速静电旋杯厂家BOSTAR,博士达(BOSTAR)专注于高性能工业静电喷涂设备、智能化涂装系统及精密流体配件的研发与制造。产品涵盖液体/粉末静电喷枪、高速静电旋杯、DISK旋盘系统等、高压无气静电喷枪，为汽车、五金、家电等行业提供高效低碳的表面涂装解决方案。,以绝对精准，定义每一道涂层。,https://www.bostarcoating.com/,CROSS_HOST_SAME_PATH,"index, follow",YES,,BreadcrumbList | FAQPage | IndustrialManufacturer | WebSite,38,9,0,1,0,7bd72c6498ebb302d5b1383b3ff791ad898e5f7e079c53f1c2a0d9683532473e,contains-form; nav-links:11
https://bostarcoating.com/about,nav-link,NOT_IN_SITEMAP,200,https://bostarcoating.com/about,0,about,zh-CN,关于博士达 | BOSTAR,了解博士达在工业喷涂设备、粉末与液体涂装系统和自动化产线方面的服务能力。,精密静电涂装，赋能高效工业。,https://www.bostarcoating.com/,HOMEPAGE_CANONICAL,"index, follow",YES,,BreadcrumbList | IndustrialManufacturer | WebSite,12,1,0,0,0,6b486f5bd41223191c3b590118094df6ff74cd73c13cadb679236fdbfac35e0c,nav-links:12
https://bostarcoating.com/contact,nav-link,NOT_IN_SITEMAP,200,https://bostarcoating.com/contact,0,contact,zh-CN,联系我们 | BOSTAR,提交静电喷涂设备选型、报价、资料下载和售后维护需求。,联系博士达,https://www.bostarcoating.com/,HOMEPAGE_CANONICAL,"index, follow",YES,,BreadcrumbList | IndustrialManufacturer | LocalBusiness | WebSite,12,1,0,1,0,749047e6a633b73ca68a73af670cdaaa1070f393006cdc5633e4975eb36e35cc,contains-form; nav-links:12
https://bostarcoating.com/downloads,recursive:https://bostarcoating.com/,NOT_IN_SITEMAP,200,https://bostarcoating.com/downloads,0,download-index,zh-CN,资料下载 | BOSTAR,下载粉末静电喷枪画册、控制器说明书、DISK 系统资料、故障排查清单和维护指南。,资料下载,https://www.bostarcoating.com/,HOMEPAGE_CANONICAL,"index, follow",YES,,BreadcrumbList | IndustrialManufacturer | WebSite,17,1,0,0,0,c54d877982fac47ede37f72066648ca51899c7937beef6eb9c451d802deee239,nav-links:12
https://bostarcoating.com/downloads/controller-manual,recursive:https://bostarcoating.com/,NOT_IN_SITEMAP,200,https://bostarcoating.com/downloads/controller-manual,0,download-detail,zh-CN,静电喷涂控制器说明书 | BOSTAR,静电喷涂控制器说明书,静电喷涂控制器说明书,https://www.bostarcoating.com/,HOMEPAGE_CANONICAL,"index, follow",YES,,BreadcrumbList | IndustrialManufacturer | WebSite,14,1,0,0,1,29719327a59151aad169b575ed6d308ae83a7420d95e25e0881fa4256e2830c3,nav-links:13
https://bostarcoating.com/downloads/disk-system-sheet,recursive:https://bostarcoating.com/,NOT_IN_SITEMAP,200,https://bostarcoating.com/downloads/disk-system-sheet,0,download-detail,zh-CN,DISK 静电旋碟系统资料 | BOSTAR,DISK 静电旋碟系统资料,DISK 静电旋碟系统资料,https://www.bostarcoating.com/,HOMEPAGE_CANONICAL,"index, follow",YES,,BreadcrumbList | IndustrialManufacturer | WebSite,14,1,0,0,1,7463302633c551bf79af31bbd75c85a1ff6e0f3cece3329c87416e7a988dce01,nav-links:13
https://bostarcoating.com/downloads/maintenance-guide,recursive:https://bostarcoating.com/,NOT_IN_SITEMAP,200,https://bostarcoating.com/downloads/maintenance-guide,0,download-detail,zh-CN,喷枪日常维护指南 | BOSTAR,喷枪日常维护指南,喷枪日常维护指南,https://www.bostarcoating.com/,HOMEPAGE_CANONICAL,"index, follow",YES,,BreadcrumbList | IndustrialManufacturer | WebSite,14,1,0,0,1,61cce89d5118e96741cbfcdb21be36f35d7c6922d70578098ddbdc3fc69ebcf1,nav-links:13
https://bostarcoating.com/downloads/powder-gun-catalog,recursive:https://bostarcoating.com/downloads,NOT_IN_SITEMAP,200,https://bostarcoating.com/downloads/powder-gun-catalog,0,download-detail,zh-CN,粉末静电喷枪产品画册 | BOSTAR,粉末静电喷枪产品画册,粉末静电喷枪产品画册,https://www.bostarcoating.com/,HOMEPAGE_CANONICAL,"index, follow",YES,,BreadcrumbList | IndustrialManufacturer | WebSite,14,1,0,0,1,9f40eba4f194bde52bb1cb965e250a2f80986b1b3bce889261316fcd959b70d5,nav-links:13
https://bostarcoating.com/downloads/troubleshooting-checklist,recursive:https://bostarcoating.com/,NOT_IN_SITEMAP,200,https://bostarcoating.com/downloads/troubleshooting-checklist,0,download-detail,zh-CN,喷涂故障排查清单 | BOSTAR,喷涂故障排查清单,喷涂故障排查清单,https://www.bostarcoating.com/,HOMEPAGE_CANONICAL,"index, follow",YES,,BreadcrumbList | IndustrialManufacturer | WebSite,14,1,0,0,1,b68336899cd765397e28b006a1cb29442d7da799a8e4fb9471bacb91a68043b8,nav-links:13
https://bostarcoating.com/knowledge,nav-link,NOT_IN_SITEMAP,200,https://bostarcoating.com/knowledge,0,knowledge-index,zh-CN,知识中心 | BOSTAR,静电喷枪选型、粉末喷涂工艺、故障排查、操作维护和安全规范知识库。,知识中心,https://www.bostarcoating.com/,HOMEPAGE_CANONICAL,"index, follow",YES,,BreadcrumbList | IndustrialManufacturer | WebSite,24,1,0,0,0,18836f279db5d9e4b26360554eadbab0b4a3957a3fde5bb43401fd63add3cdc0,nav-links:12
https://bostarcoating.com/knowledge/faq,recursive:https://bostarcoating.com/knowledge,NOT_IN_SITEMAP,200,https://bostarcoating.com/knowledge/faq,0,knowledge-category,zh-CN,常见问题 | BOSTAR,常见问题文章列表,常见问题,https://www.bostarcoating.com/,HOMEPAGE_CANONICAL,"index, follow",YES,,BreadcrumbList | IndustrialManufacturer | WebSite,12,1,0,0,0,9c468d1176a4bc043f81318ab4f782e8651ae4627aa6c6247455c737687e38d6,nav-links:13
https://bostarcoating.com/knowledge/industry-encyclopedia,recursive:https://bostarcoating.com/knowledge,NOT_IN_SITEMAP,200,https://bostarcoating.com/knowledge/industry-encyclopedia,0,knowledge-category,zh-CN,行业百科 | BOSTAR,行业百科文章列表,行业百科,https://www.bostarcoating.com/,HOMEPAGE_CANONICAL,"index, follow",YES,,BreadcrumbList | IndustrialManufacturer | WebSite,12,1,0,0,0,4fe0d2fa794555f5ba6efd98597d6e7f1fb8d575bc74436d4ac29b23939183ea,nav-links:13
https://bostarcoating.com/knowledge/operation-maintenance,recursive:https://bostarcoating.com/knowledge,NOT_IN_SITEMAP,200,https://bostarcoating.com/knowledge/operation-maintenance,0,knowledge-category,zh-CN,操作维护 | BOSTAR,操作维护文章列表,操作维护,https://www.bostarcoating.com/,HOMEPAGE_CANONICAL,"index, follow",YES,,BreadcrumbList | IndustrialManufacturer | WebSite,12,1,0,0,0,d77279da919bb0b5ba7cf1e3f221454c7fa17563cecfb50896e49f3e3ebcddda,nav-links:13
https://bostarcoating.com/knowledge/process-knowledge,recursive:https://bostarcoating.com/knowledge,NOT_IN_SITEMAP,200,https://bostarcoating.com/knowledge/process-knowledge,0,knowledge-category,zh-CN,工艺知识 | BOSTAR,工艺知识文章列表,工艺知识,https://www.bostarcoating.com/,HOMEPAGE_CANONICAL,"index, follow",YES,,BreadcrumbList | IndustrialManufacturer | WebSite,13,1,0,0,0,eb803c935b2de13f10885e3e06d41abf3bb5d51b8ae5487a32ff22790d7654f1,nav-links:13
https://bostarcoating.com/knowledge/process-knowledge/adjust-spray-voltage,recursive:https://bostarcoating.com/,NOT_IN_SITEMAP,200,https://bostarcoating.com/knowledge/process-knowledge/adjust-spray-voltage,0,knowledge-detail,zh-CN,静电喷涂电压怎么调？ | BOSTAR,围绕现场问题给出判断方法和设备建议。,静电喷涂电压怎么调？,https://www.bostarcoating.com/,HOMEPAGE_CANONICAL,"index, follow",YES,,Article | BreadcrumbList | FAQPage | IndustrialManufacturer | WebSite,12,1,0,1,0,406a76179ebf7d1528bedb62e57daf2f93e85b51f47861c844ad18633752080e,contains-form; nav-links:13
https://bostarcoating.com/knowledge/product-comparison,recursive:https://bostarcoating.com/knowledge,NOT_IN_SITEMAP,200,https://bostarcoating.com/knowledge/product-comparison,0,knowledge-category,zh-CN,产品对比 | BOSTAR,产品对比文章列表,产品对比,https://www.bostarcoating.com/,HOMEPAGE_CANONICAL,"index, follow",YES,,BreadcrumbList | IndustrialManufacturer | WebSite,12,1,0,0,0,de2d31095d9d288479987e86d572bc780614da51e98b11dd1cdff9f3424c053e,nav-links:13
https://bostarcoating.com/knowledge/safety-standard,recursive:https://bostarcoating.com/knowledge,NOT_IN_SITEMAP,200,https://bostarcoating.com/knowledge/safety-standard,0,knowledge-category,zh-CN,安全规范 | BOSTAR,安全规范文章列表,安全规范,https://www.bostarcoating.com/,HOMEPAGE_CANONICAL,"index, follow",YES,,BreadcrumbList | IndustrialManufacturer | WebSite,12,1,0,0,0,851f654aa73f6a3e2f3faa97bf739e2360a17801bc4553211e40406bd3542a31,nav-links:13
https://bostarcoating.com/knowledge/selection-guide,recursive:https://bostarcoating.com/knowledge,NOT_IN_SITEMAP,200,https://bostarcoating.com/knowledge/selection-guide,0,knowledge-category,zh-CN,选型指南 | BOSTAR,选型指南文章列表,选型指南,https://www.bostarcoating.com/,HOMEPAGE_CANONICAL,"index, follow",YES,,BreadcrumbList | IndustrialManufacturer | WebSite,14,1,0,0,0,d650b2812101b61eb23a73af873bf625ac7b5ba1081b37d2022762565f747c1a,nav-links:13
https://bostarcoating.com/knowledge/selection-guide/how-to-choose-electrostatic-spray-gun,recursive:https://bostarcoating.com/knowledge,NOT_IN_SITEMAP,200,https://bostarcoating.com/knowledge/selection-guide/how-to-choose-electrostatic-spray-gun,0,knowledge-detail,zh-CN,静电喷枪怎么选？ | BOSTAR,围绕现场问题给出判断方法和设备建议。,静电喷枪怎么选？,https://www.bostarcoating.com/,HOMEPAGE_CANONICAL,"index, follow",YES,,Article | BreadcrumbList | FAQPage | IndustrialManufacturer | WebSite,12,1,0,1,0,6358c007d5a2fd9f723e7d74b18e460724f8534cc845897b37f12baf57ba6596,contains-form; nav-links:13
https://bostarcoating.com/knowledge/selection-guide/manual-powder-gun-selection-guide,recursive:https://bostarcoating.com/,NOT_IN_SITEMAP,200,https://bostarcoating.com/knowledge/selection-guide/manual-powder-gun-selection-guide,0,knowledge-detail,zh-CN,手动粉末静电喷枪选型指南 | BOSTAR,围绕现场问题给出判断方法和设备建议。,手动粉末静电喷枪选型指南,https://www.bostarcoating.com/,HOMEPAGE_CANONICAL,"index, follow",YES,,Article | BreadcrumbList | FAQPage | IndustrialManufacturer | WebSite,12,1,0,1,0,2ea1ca35be23877a57bacac853986493ee5cee0911ee12737e23648dfeee1249,contains-form; nav-links:13
https://bostarcoating.com/knowledge/troubleshooting,recursive:https://bostarcoating.com/knowledge,NOT_IN_SITEMAP,200,https://bostarcoating.com/knowledge/troubleshooting,0,knowledge-category,zh-CN,故障排查 | BOSTAR,故障排查文章列表,故障排查,https://www.bostarcoating.com/,HOMEPAGE_CANONICAL,"index, follow",YES,,BreadcrumbList | IndustrialManufacturer | WebSite,13,1,0,0,0,ba56e17a0dfb23c43a99d825c5c5f5660a3ea7185741b76497cf01afb22cde3f,nav-links:13
https://bostarcoating.com/knowledge/troubleshooting/powder-gun-not-picking-powder,recursive:https://bostarcoating.com/,NOT_IN_SITEMAP,200,https://bostarcoating.com/knowledge/troubleshooting/powder-gun-not-picking-powder,0,knowledge-detail,zh-CN,静电喷枪不上粉怎么办？ | BOSTAR,围绕现场问题给出判断方法和设备建议。,静电喷枪不上粉怎么办？,https://www.bostarcoating.com/,HOMEPAGE_CANONICAL,"index, follow",YES,,Article | BreadcrumbList | FAQPage | IndustrialManufacturer | WebSite,12,1,0,1,0,eb8dad458faa162edcf78143ed8c6ed8675b42ede222a8d1fae8063758c4f0ce,contains-form; nav-links:13
https://bostarcoating.com/products,nav-link,NOT_IN_SITEMAP,200,https://bostarcoating.com/products,0,product-index,zh-CN,产品中心 | BOSTAR,博士达粉末静电喷枪、喷涂控制器、DISK 静电旋碟系统、供粉回收与涂装自动化设备。,产品中心,https://www.bostarcoating.com/,HOMEPAGE_CANONICAL,"index, follow",YES,,BreadcrumbList | IndustrialManufacturer | WebSite,33,16,0,0,0,9089bf97b6071f2e5096770c7343999ab513e071f2d79cd9a73e5beaa554e66b,nav-links:12
https://bostarcoating.com/products/Automatic-Electrostatic-Liquid-Spray-Gun,recursive:https://bostarcoating.com/,NOT_IN_SITEMAP,404,https://bostarcoating.com/products/Automatic-Electrostatic-Liquid-Spray-Gun,0,product-category,,博士达静电喷涂设备官网_智能液体粉体涂装系统_高速静电旋杯厂家BOSTAR,博士达(BOSTAR)专注于高性能工业静电喷涂设备、智能化涂装系统及精密流体配件的研发与制造。产品涵盖液体/粉末静电喷枪、高速静电旋杯、DISK旋盘系统等、高压无气静电喷枪，为汽车、五金、家电等行业提供高效低碳的表面涂装解决方案。,,https://www.bostarcoating.com/,HOMEPAGE_CANONICAL,"index, follow",NO,,,0,0,0,0,0,90c77bbb61b3c30dbc17421291f8cd99e6a11ea054a1242ac661c5690cbaddee,
https://bostarcoating.com/products/Automatic-Electrostatic-Liquid-Spray-Gun/bsd-3029-automatic-liquid-electrostatic-spray-gun,recursive:https://bostarcoating.com/,NOT_IN_SITEMAP,200,https://bostarcoating.com/products/Automatic-Electrostatic-Liquid-Spray-Gun/bsd-3029-automatic-liquid-electrostatic-spray-gun,0,product-detail,zh-CN,高性能液体自动静电喷枪控制系统 | BOSTAR,BSD-3029 高性能静电自动喷枪是一款专为自动化涂装（往复机与机器人联动）设计的高效、通用液体全自动静电喷涂工具 。系统内置国际标准高压串级发生器，消除传统外置电缆的静电流失，具备强劲的静电包覆效果，显著提升涂料传递效率、节省油漆并减少环境污染 。主机支持高达 100 组数字化工艺配方存储与高精度闭环气流智能参数调节 。,高性能液体自动静电喷枪控制系统,https://www.bostarcoating.com/,HOMEPAGE_CANONICAL,"index, follow",YES,,BreadcrumbList | FAQPage | HowTo | IndustrialManufacturer | Product | WebSite,12,2,0,1,0,aeeb83d18daa763001b31931d48b664036e25ffae445e5a653f5e5bcf5e8c767,contains-form; nav-links:14
https://bostarcoating.com/products/Automatic-Electrostatic-Powder-Rotary-Bell,recursive:https://bostarcoating.com/,NOT_IN_SITEMAP,404,https://bostarcoating.com/products/Automatic-Electrostatic-Powder-Rotary-Bell,0,product-category,,博士达静电喷涂设备官网_智能液体粉体涂装系统_高速静电旋杯厂家BOSTAR,博士达(BOSTAR)专注于高性能工业静电喷涂设备、智能化涂装系统及精密流体配件的研发与制造。产品涵盖液体/粉末静电喷枪、高速静电旋杯、DISK旋盘系统等、高压无气静电喷枪，为汽车、五金、家电等行业提供高效低碳的表面涂装解决方案。,,https://www.bostarcoating.com/,HOMEPAGE_CANONICAL,"index, follow",NO,,,0,0,0,0,0,90c77bbb61b3c30dbc17421291f8cd99e6a11ea054a1242ac661c5690cbaddee,
https://bostarcoating.com/products/Automatic-Electrostatic-Powder-Rotary-Bell/bostar-f18-automatic-powder-electrostatic-rotary-bell,recursive:https://bostarcoating.com/,NOT_IN_SITEMAP,200,https://bostarcoating.com/products/Automatic-Electrostatic-Powder-Rotary-Bell/bostar-f18-automatic-powder-electrostatic-rotary-bell,0,product-detail,zh-CN,粉末静电旋杯 | BOSTAR,博士达F18粉末静电旋杯是一款专为现代工业涂装设计的高效、节能且环保的粉末涂料喷涂装置 。设备采用电晕放电使粉末高效带电，结合高速旋转产生的强大离心力 ，能有效解决涂层斑驳、流线及颜色不匀等常见问题 ，确保粉末在工件表面实现均匀覆盖与极佳的附着力 。,粉末静电旋杯,https://www.bostarcoating.com/,HOMEPAGE_CANONICAL,"index, follow",YES,,BreadcrumbList | FAQPage | HowTo | IndustrialManufacturer | Product | WebSite,12,2,0,1,0,73859d34826c865363bc9e81ad946570ebf16cc58c1119883a7ba61fef9ddfec,contains-form; nav-links:14
https://bostarcoating.com/products/Automatic-Electrostatic-Rotary-Bell-Atomizer,recursive:https://bostarcoating.com/,NOT_IN_SITEMAP,404,https://bostarcoating.com/products/Automatic-Electrostatic-Rotary-Bell-Atomizer,0,product-category,,博士达静电喷涂设备官网_智能液体粉体涂装系统_高速静电旋杯厂家BOSTAR,博士达(BOSTAR)专注于高性能工业静电喷涂设备、智能化涂装系统及精密流体配件的研发与制造。产品涵盖液体/粉末静电喷枪、高速静电旋杯、DISK旋盘系统等、高压无气静电喷枪，为汽车、五金、家电等行业提供高效低碳的表面涂装解决方案。,,https://www.bostarcoating.com/,HOMEPAGE_CANONICAL,"index, follow",NO,,,0,0,0,0,0,90c77bbb61b3c30dbc17421291f8cd99e6a11ea054a1242ac661c5690cbaddee,
https://bostarcoating.com/products/Automatic-Electrostatic-Rotary-Bell-Atomizer/automatic-electrostatic-powder-rotary-bell-bsd-cu300,recursive:https://bostarcoating.com/products,NOT_IN_SITEMAP,200,https://bostarcoating.com/products/Automatic-Electrostatic-Rotary-Bell-Atomizer/automatic-electrostatic-powder-rotary-bell-bsd-cu300,0,product-detail,zh-CN,自动粉末静电旋杯 | BOSTAR,博士达 BSD-CU300 自动粉末静电旋杯专为现代化工业粉末静电喷涂场景量身定制 。设备利用高达 100kV 的高压静电场使粉末颗粒高效、均匀地带电 ，配合空气涡轮高速旋转雾化技术，可显著提升粉末转移效率与上粉率 ，广泛应用于汽车制造、家电生产、金属加工等自动化涂装线 。,自动粉末静电旋杯,https://www.bostarcoating.com/,HOMEPAGE_CANONICAL,"index, follow",YES,,BreadcrumbList | FAQPage | HowTo | IndustrialManufacturer | Product | WebSite,13,2,0,1,0,2015ad23397463926ddf9e22d8f4b9644af3d58744585ec2013e1984fb8dfc5a,contains-form; nav-links:14
https://bostarcoating.com/products/Automatic-Electrostatic-Rotary-Bell-Atomizer/bell-cup-automatic-electrostatic-coating-system-bsd-3029,recursive:https://bostarcoating.com/,NOT_IN_SITEMAP,200,https://bostarcoating.com/products/Automatic-Electrostatic-Rotary-Bell-Atomizer/bell-cup-automatic-electrostatic-coating-system-bsd-3029,0,product-detail,zh-CN,液体自动静电旋杯 | BOSTAR,博士达BOSTAR内置高压型自动静电旋杯喷涂系统（型号：BSD-3029），专为溶剂型和水性涂料的高端自动化表面处理设计 。系统将先进的静电旋杯雾化技术与高效内加电工艺完美结合，上漆效率最高可达95% 。具备超高涂料利用率、漆膜细腻均匀以及包覆效果良好的核心技术卖点，可从根本上消除传统喷涂中的过喷与飞溅，旨在为工业现代化流水线提供稳定、安全且低材料成本的高品质全自动涂装解决方案 。,液体自动静电旋杯,https://www.bostarcoating.com/,HOMEPAGE_CANONICAL,"index, follow",YES,,BreadcrumbList | FAQPage | IndustrialManufacturer | Product | WebSite,13,2,0,1,0,ca1ca7500ad5e6d517f6800d5d67058631d9ad3a78c4920735585e0bc6a68239,contains-form; nav-links:14
https://bostarcoating.com/products/High-Pressure-Airless-Spraying-Equipment,recursive:https://bostarcoating.com/,NOT_IN_SITEMAP,404,https://bostarcoating.com/products/High-Pressure-Airless-Spraying-Equipment,0,product-category,,博士达静电喷涂设备官网_智能液体粉体涂装系统_高速静电旋杯厂家BOSTAR,博士达(BOSTAR)专注于高性能工业静电喷涂设备、智能化涂装系统及精密流体配件的研发与制造。产品涵盖液体/粉末静电喷枪、高速静电旋杯、DISK旋盘系统等、高压无气静电喷枪，为汽车、五金、家电等行业提供高效低碳的表面涂装解决方案。,,https://www.bostarcoating.com/,HOMEPAGE_CANONICAL,"index, follow",NO,,,0,0,0,0,0,90c77bbb61b3c30dbc17421291f8cd99e6a11ea054a1242ac661c5690cbaddee,
https://bostarcoating.com/products/Manual-Electrostatic-Liquid-Spray-Gun,recursive:https://bostarcoating.com/,NOT_IN_SITEMAP,404,https://bostarcoating.com/products/Manual-Electrostatic-Liquid-Spray-Gun,0,product-category,,博士达静电喷涂设备官网_智能液体粉体涂装系统_高速静电旋杯厂家BOSTAR,博士达(BOSTAR)专注于高性能工业静电喷涂设备、智能化涂装系统及精密流体配件的研发与制造。产品涵盖液体/粉末静电喷枪、高速静电旋杯、DISK旋盘系统等、高压无气静电喷枪，为汽车、五金、家电等行业提供高效低碳的表面涂装解决方案。,,https://www.bostarcoating.com/,HOMEPAGE_CANONICAL,"index, follow",NO,,,0,0,0,0,0,90c77bbb61b3c30dbc17421291f8cd99e6a11ea054a1242ac661c5690cbaddee,
https://bostarcoating.com/products/Manual-Electrostatic-Liquid-Spray-Gun/bsd-3009a-manual-liquid-electrostatic-spray-gun,recursive:https://bostarcoating.com/,NOT_IN_SITEMAP,200,https://bostarcoating.com/products/Manual-Electrostatic-Liquid-Spray-Gun/bsd-3009a-manual-liquid-electrostatic-spray-gun,0,product-detail,zh-CN,手动液体静电喷枪 (水油通用系列) | BOSTAR,BSD-3009A 是一款专为高效表面涂装设计的手动液体静电喷枪 。枪身仅重 396 克 ，搭载全新内置高压发生器 ，静电利用率高达 98% 。产品具备卓越的静电包裹效果 与超高传输效率 ，相比传统空气喷枪可节省油漆达 30%~45%，是工业机械、五金家具、3C电子等行业提升喷涂质量与降本增效的理想选择 。,手动液体静电喷枪 (水油通用系列),https://www.bostarcoating.com/,HOMEPAGE_CANONICAL,"index, follow",YES,,BreadcrumbList | FAQPage | HowTo | IndustrialManufacturer | Product | WebSite,12,2,0,1,0,76b2477f8312ab08a89b211ea744178997feff7a38c3becd053b77813ec7bbba,contains-form; nav-links:14
https://bostarcoating.com/products/Manual-Electrostatic-Liquid-Spray-Gun/manual-liquid-electrostatic-spray-gun,recursive:https://bostarcoating.com/products,NOT_IN_SITEMAP,200,https://bostarcoating.com/products/Manual-Electrostatic-Liquid-Spray-Gun/manual-liquid-electrostatic-spray-gun,0,product-detail,zh-CN,手动液体静电喷枪 | BOSTAR,,手动液体静电喷枪,https://www.bostarcoating.com/,HOMEPAGE_CANONICAL,"index, follow",YES,,BreadcrumbList | FAQPage | IndustrialManufacturer | Product | WebSite,12,2,0,1,0,1c9128bf3af873488662f246d690ae442bcd2e25ebcff830c0e8f01717fe3dcf,missing-meta-description; contains-form; nav-links:14
https://bostarcoating.com/products/Testing-Instruments,recursive:https://bostarcoating.com/,NOT_IN_SITEMAP,404,https://bostarcoating.com/products/Testing-Instruments,0,product-category,,博士达静电喷涂设备官网_智能液体粉体涂装系统_高速静电旋杯厂家BOSTAR,博士达(BOSTAR)专注于高性能工业静电喷涂设备、智能化涂装系统及精密流体配件的研发与制造。产品涵盖液体/粉末静电喷枪、高速静电旋杯、DISK旋盘系统等、高压无气静电喷枪，为汽车、五金、家电等行业提供高效低碳的表面涂装解决方案。,,https://www.bostarcoating.com/,HOMEPAGE_CANONICAL,"index, follow",NO,,,0,0,0,0,0,90c77bbb61b3c30dbc17421291f8cd99e6a11ea054a1242ac661c5690cbaddee,
https://bostarcoating.com/products/Testing-Instruments/paint-resistance-tester-zk815,recursive:https://bostarcoating.com/products,NOT_IN_SITEMAP,200,https://bostarcoating.com/products/Testing-Instruments/paint-resistance-tester-zk815,0,product-detail,zh-CN,油漆电阻测试仪 | BOSTAR,ZK-815 涂料阻抗检测仪（油漆电阻测试仪）采用工业级 MCU 微控制器芯片与全量程智能防烧技术，专为静电喷涂、涂料研发与流水线质检打造 。设备支持 0~450MΩ宽量程数字显示，具备油性漆/水性漆双模式独立分档、高压自动安全放电及高清液晶背光大屏 。其轻量化防摔外壳配合高光滑耐腐蚀探针，能显著优化静电喷涂工艺的颗粒吸附率、提高漆料利用率并降低企业生产成本，是涂装数字工艺管控的理想选择 。,油漆电阻测试仪,https://www.bostarcoating.com/,HOMEPAGE_CANONICAL,"index, follow",YES,,BreadcrumbList | FAQPage | HowTo | IndustrialManufacturer | Product | WebSite,13,2,0,1,0,650b507465c2eabf5e4a3d40fef68ce6c9c868fe2f8367b0d75476b02dbfeca9,contains-form; nav-links:14
https://bostarcoating.com/products/automatic-powder-spray-gun,recursive:https://bostarcoating.com/,NOT_IN_SITEMAP,200,https://bostarcoating.com/products/automatic-powder-spray-gun,0,product-category,zh-CN,自动粉末静电喷枪 | BOSTAR,自动粉末静电喷枪系列,自动粉末静电喷枪,https://www.bostarcoating.com/,HOMEPAGE_CANONICAL,"index, follow",YES,,BreadcrumbList | IndustrialManufacturer | WebSite,13,2,0,0,0,10f812a6c6091eae22dc51f0adcfe82a68c79f9a9a4057bfc50333a020fbce11,nav-links:13
https://bostarcoating.com/products/automatic-powder-spray-gun/automatic-powder-spray-gun,recursive:https://bostarcoating.com/products,NOT_IN_SITEMAP,200,https://bostarcoating.com/products/automatic-powder-spray-gun/automatic-powder-spray-gun,0,product-detail,zh-CN,自动粉末静电喷枪 | BOSTAR,自动粉末静电喷枪用于工业粉末静电喷涂场景。,自动粉末静电喷枪,https://www.bostarcoating.com/,HOMEPAGE_CANONICAL,"index, follow",YES,,BreadcrumbList | FAQPage | IndustrialManufacturer | Product | WebSite,12,2,0,1,0,6426c7b0b3e034bd272cd0aadc23941db4d5894991ebee439bbc22ee1d804638,contains-form; nav-links:14
https://bostarcoating.com/products/automation-equipment,recursive:https://bostarcoating.com/,NOT_IN_SITEMAP,200,https://bostarcoating.com/products/automation-equipment,0,product-category,zh-CN,涂装自动化设备 | BOSTAR,涂装自动化设备系列,涂装自动化设备,https://www.bostarcoating.com/,HOMEPAGE_CANONICAL,"index, follow",YES,,BreadcrumbList | IndustrialManufacturer | WebSite,12,1,0,0,0,4bd397fe530dd0edb9e8fc4000b8b2cde5d80365a4d6f1381768f723e8dc0ddd,nav-links:13
https://bostarcoating.com/products/electrostatic-flocking-machine,recursive:https://bostarcoating.com/,NOT_IN_SITEMAP,200,https://bostarcoating.com/products/electrostatic-flocking-machine,0,product-category,zh-CN,静电喷绒机 | BOSTAR,,静电喷绒机,https://www.bostarcoating.com/,HOMEPAGE_CANONICAL,"index, follow",YES,,BreadcrumbList | IndustrialManufacturer | WebSite,13,2,0,0,0,84e05aec2c65b1f3dd647298a4472f3c8832cf2814b95903a281d31e0a2037de,missing-meta-description; nav-links:13
https://bostarcoating.com/products/electrostatic-flocking-machine/manual-electrostatic-flocking-velvet-spraying-machine,recursive:https://bostarcoating.com/products,NOT_IN_SITEMAP,200,https://bostarcoating.com/products/electrostatic-flocking-machine/manual-electrostatic-flocking-velvet-spraying-machine,0,product-detail,zh-CN,手动静电喷绒机 | BOSTAR,博士达（BOSTAR）手动静电喷绒机，采用先进的高压静电场定向纤维排列技术，输出电压高达 100KV。设备攻克了传统箱式植绒和手摇植绒难以应对的凹槽死角、大型摆件及复杂三维表面的植绒难题。具备极佳的雾化和静电效果，大幅提升绒毛利用率，并搭载智能电流限制安全保护系统，是汽车内饰、光学设备、建筑材料和工艺装饰等行业的高性能植绒首选。,手动静电喷绒机,https://www.bostarcoating.com/,HOMEPAGE_CANONICAL,"index, follow",YES,,BreadcrumbList | FAQPage | HowTo | IndustrialManufacturer | Product | WebSite,13,2,0,1,0,7080fff7309ea3e4116e2324b60480a6ef5d04d0abe3b38a2aedc1da8af459bf,contains-form; nav-links:14
https://bostarcoating.com/products/electrostatic-rotary-bell-system,recursive:https://bostarcoating.com/,NOT_IN_SITEMAP,200,https://bostarcoating.com/products/electrostatic-rotary-bell-system,0,product-category,zh-CN,DISK 静电旋碟喷涂系统 | BOSTAR,DISK 静电旋碟喷涂系统系列,DISK 静电旋碟喷涂系统,https://www.bostarcoating.com/,HOMEPAGE_CANONICAL,"index, follow",YES,,BreadcrumbList | IndustrialManufacturer | WebSite,13,2,0,0,0,5a3573a9e595f055bff9c463e37da359801f2565b5f7d720c58b85580a8e308f,nav-links:13
https://bostarcoating.com/products/electrostatic-rotary-bell-system/disk-automatic-electrostatic-coating-system,recursive:https://bostarcoating.com/,NOT_IN_SITEMAP,200,https://bostarcoating.com/products/electrostatic-rotary-bell-system/disk-automatic-electrostatic-coating-system,0,product-detail,zh-CN,DISK碟式静电喷涂系统 | BOSTAR,博士达欧米伽Ω圆盘型DISK自动静电喷涂系统（型号：BSD-3036），采用自主研发的高压静电技术与精密的制作工艺 。系统将先进的静电包复效应与间接加料设计完美结合，油漆利用率较传统空气喷涂成倍提升（最高上漆率达95%），具备死角涂装覆盖全、漆雾飞散少的显著优势，旨在为大规模工业流水线提供低成本、高恒定品质的高效自动化涂装解决方案 。,DISK碟式静电喷涂系统,https://www.bostarcoating.com/,HOMEPAGE_CANONICAL,"index, follow",YES,,BreadcrumbList | FAQPage | IndustrialManufacturer | Product | WebSite,13,2,0,1,0,6932885c7dd837c7d820a607c2b6c7f4302bb36ca18c0031fb419b4793abc1c0,contains-form; nav-links:14
https://bostarcoating.com/products/manual-powder-coating-gun,recursive:https://bostarcoating.com/,NOT_IN_SITEMAP,200,https://bostarcoating.com/products/manual-powder-coating-gun,0,product-category,zh-CN,手动粉末静电喷枪 | BOSTAR,手动粉末静电喷枪系列,手动粉末静电喷枪,https://www.bostarcoating.com/,HOMEPAGE_CANONICAL,"index, follow",YES,,BreadcrumbList | IndustrialManufacturer | WebSite,16,5,0,0,0,e9bb50c6174a32bdaf92813c11af2ea732c6b9c2b8e6df5e24a8e8ac90de68fc,nav-links:13
https://bostarcoating.com/products/manual-powder-coating-gun/manual-electrostatic-powder-spray-gun,recursive:https://bostarcoating.com/products,NOT_IN_SITEMAP,200,https://bostarcoating.com/products/manual-powder-coating-gun/manual-electrostatic-powder-spray-gun,0,product-detail,zh-CN,手动粉末静电喷枪 | BOSTAR,,手动粉末静电喷枪,https://www.bostarcoating.com/,HOMEPAGE_CANONICAL,"index, follow",YES,,BreadcrumbList | FAQPage | IndustrialManufacturer | Product | WebSite,12,2,0,1,0,88deaf5cb230beacc34842c933ca0e89687f7ef288eada3e0ecc6b2b7b817c73,missing-meta-description; contains-form; nav-links:14
https://bostarcoating.com/products/manual-powder-coating-gun/manual-electrostatic-powder-spray-gun-bsd-f22,recursive:https://bostarcoating.com/products,NOT_IN_SITEMAP,200,https://bostarcoating.com/products/manual-powder-coating-gun/manual-electrostatic-powder-spray-gun-bsd-f22,0,product-detail,zh-CN,手动粉末静电喷枪 | BOSTAR,,手动粉末静电喷枪,https://www.bostarcoating.com/,HOMEPAGE_CANONICAL,"index, follow",YES,,BreadcrumbList | FAQPage | IndustrialManufacturer | Product | WebSite,12,2,0,1,0,88deaf5cb230beacc34842c933ca0e89687f7ef288eada3e0ecc6b2b7b817c73,missing-meta-description; contains-form; nav-links:14
https://bostarcoating.com/products/manual-powder-coating-gun/manual-powder-spray-gun,recursive:https://bostarcoating.com/products,NOT_IN_SITEMAP,200,https://bostarcoating.com/products/manual-powder-coating-gun/manual-powder-spray-gun,0,product-detail,zh-CN,手动粉末静电喷枪 | BOSTAR,粉末静电喷涂控制器用于工业粉末静电喷涂场景。,手动粉末静电喷枪,https://www.bostarcoating.com/,HOMEPAGE_CANONICAL,"index, follow",YES,,BreadcrumbList | FAQPage | IndustrialManufacturer | Product | WebSite,12,2,0,1,0,6756cd5276c8aed6ea16536d007c2017cee8f9cd621dba7f6c90600a0ee62ebb,contains-form; nav-links:14
https://bostarcoating.com/products/manual-powder-coating-gun/powder-coating-gun,recursive:https://bostarcoating.com/products,NOT_IN_SITEMAP,200,https://bostarcoating.com/products/manual-powder-coating-gun/powder-coating-gun,0,product-detail,zh-CN,手动粉末静电喷枪 | BOSTAR,BSD-5011S是一款专为高工业标准表面处理设计的智能手动粉末静电喷枪系统 。系统深度集成了数字步进阀气路控制单元、流体力学优化文丘里粉泵及CFD枪体流道设计，使荷电效率显著提升40%，综合后期维护成本直降30%以上。设备内置平板、复杂、返喷三大智能预设专家模式与100组配方存储空间，可有效将综合涂装次品率降低45%以上，广泛适用于建筑铝型材、新能源汽车配件、白色家电及3C电子等多元化工业表面涂装场景。,手动粉末静电喷枪,https://www.bostarcoating.com/,HOMEPAGE_CANONICAL,"index, follow",YES,,BreadcrumbList | FAQPage | HowTo | IndustrialManufacturer | Product | WebSite,12,2,0,1,0,c1ce641deed11d4dfc5a7f4dc9884471b41983d3a3fad1d1ea60e5478699c1d4,contains-form; nav-links:14
https://bostarcoating.com/products/spray-gun-accessories,recursive:https://bostarcoating.com/,NOT_IN_SITEMAP,200,https://bostarcoating.com/products/spray-gun-accessories,0,product-category,zh-CN,喷枪配件 | BOSTAR,,喷枪配件,https://www.bostarcoating.com/,HOMEPAGE_CANONICAL,"index, follow",YES,,BreadcrumbList | IndustrialManufacturer | WebSite,13,2,0,0,0,ffaf8c92bb70a7fbbee1fb68e983a298d359c51ea14118a72a07f7532575d8eb,missing-meta-description; nav-links:13
https://bostarcoating.com/products/spray-gun-accessories/manual-powder-electrostatic-spray-gun-led-light-kit,recursive:https://bostarcoating.com/,NOT_IN_SITEMAP,200,https://bostarcoating.com/products/spray-gun-accessories/manual-powder-electrostatic-spray-gun-led-light-kit,0,product-detail,zh-CN,手动粉末静电喷枪专用LED强光照明与缺陷检测灯套件 | BOSTAR,本LED灯套件专为手动粉末静电喷涂枪研发，采用创新的喷枪直接供电与扳机联动技术（扣动即亮、松开延时关闭）。模块化分体结构设计，加装总增重仅13.5g，完美保持喷枪原有手感与配重平衡。核心解决复杂工件凹槽、深腔及死角阴影区的照明难题，实现“喷涂-检测”同步进行，精准控制粉末留存厚度，显著降低粉末材料浪费与次品返工率。,手动粉末静电喷枪专用LED强光照明与缺陷检测灯套件,https://www.bostarcoating.com/,HOMEPAGE_CANONICAL,"index, follow",YES,,BreadcrumbList | FAQPage | HowTo | IndustrialManufacturer | Product | WebSite,13,2,0,1,0,3fe5427db125da3aaf9e5226f49acd329d98e943c396784c2e50eb23d001b744,contains-form; nav-links:14
https://bostarcoating.com/sample-download.pdf,recursive:https://bostarcoating.com/downloads/maintenance-guide,NOT_IN_SITEMAP,404,https://bostarcoating.com/sample-download.pdf,0,other,zh-CN,博士达静电喷涂设备官网_智能液体粉体涂装系统_高速静电旋杯厂家BOSTAR,博士达(BOSTAR)专注于高性能工业静电喷涂设备、智能化涂装系统及精密流体配件的研发与制造。产品涵盖液体/粉末静电喷枪、高速静电旋杯、DISK旋盘系统等、高压无气静电喷枪，为汽车、五金、家电等行业提供高效低碳的表面涂装解决方案。,页面未找到,https://www.bostarcoating.com/,HOMEPAGE_CANONICAL,"index, follow",NO,,IndustrialManufacturer | WebSite,12,1,0,0,0,6302c9e548d0ff4a77760c6960de628c5a1a0f33caad6a7907a5973d2f72baeb,nav-links:11
https://bostarcoating.com/solutions,nav-link,NOT_IN_SITEMAP,200,https://bostarcoating.com/solutions,0,solution-index,zh-CN,解决方案 | BOSTAR,博士达面向五金件、铝型材、机箱机柜、家具五金、汽车零部件和自动化喷涂线的解决方案。,解决方案,https://www.bostarcoating.com/,HOMEPAGE_CANONICAL,"index, follow",YES,,BreadcrumbList | IndustrialManufacturer | WebSite,19,1,0,0,0,57e59d33a08e9207cf7700a5a63223eca6096c5355ecb6382fbef4aa67e15769,nav-links:12
https://bostarcoating.com/solutions/aluminum-profile-powder-coating,recursive:https://bostarcoating.com/,NOT_IN_SITEMAP,200,https://bostarcoating.com/solutions/aluminum-profile-powder-coating,0,solution-detail,zh-CN,aluminum-profile-powder-coating 解决方案 | BOSTAR,按工件、产量、换色和质量目标组合设备。,aluminum-profile-powder-coating 解决方案,https://www.bostarcoating.com/,HOMEPAGE_CANONICAL,"index, follow",YES,,BreadcrumbList | FAQPage | IndustrialManufacturer | WebSite,12,1,0,1,0,52783e3a14a9a550c02c46cb602e19b27a9e6449091a429676e8bf66dfc9b9e4,contains-form; nav-links:13
https://bostarcoating.com/solutions/auto-parts-coating,recursive:https://bostarcoating.com/,NOT_IN_SITEMAP,200,https://bostarcoating.com/solutions/auto-parts-coating,0,solution-detail,zh-CN,auto-parts-coating 解决方案 | BOSTAR,按工件、产量、换色和质量目标组合设备。,auto-parts-coating 解决方案,https://www.bostarcoating.com/,HOMEPAGE_CANONICAL,"index, follow",YES,,BreadcrumbList | FAQPage | IndustrialManufacturer | WebSite,12,1,0,1,0,3719795cdf98d733f940882d59702ee66655c7fb9e16f2ebcd1e2c25f1926dad,contains-form; nav-links:13
https://bostarcoating.com/solutions/automatic-coating-line,recursive:https://bostarcoating.com/,NOT_IN_SITEMAP,200,https://bostarcoating.com/solutions/automatic-coating-line,0,solution-detail,zh-CN,automatic-coating-line 解决方案 | BOSTAR,按工件、产量、换色和质量目标组合设备。,automatic-coating-line 解决方案,https://www.bostarcoating.com/,HOMEPAGE_CANONICAL,"index, follow",YES,,BreadcrumbList | FAQPage | IndustrialManufacturer | WebSite,12,2,0,1,0,5d09e51744cb176bd633f5027600efb5ad0b51d2cc342de0ab2d6037157b2b76,contains-form; nav-links:13
https://bostarcoating.com/solutions/cabinet-powder-coating,recursive:https://bostarcoating.com/,NOT_IN_SITEMAP,200,https://bostarcoating.com/solutions/cabinet-powder-coating,0,solution-detail,zh-CN,cabinet-powder-coating 解决方案 | BOSTAR,按工件、产量、换色和质量目标组合设备。,cabinet-powder-coating 解决方案,https://www.bostarcoating.com/,HOMEPAGE_CANONICAL,"index, follow",YES,,BreadcrumbList | FAQPage | IndustrialManufacturer | WebSite,12,1,0,1,0,97c4f10810827a8c2a76153e0a6f0121698ed52c605b2e25d29a99dd69994421,contains-form; nav-links:13
https://bostarcoating.com/solutions/furniture-hardware-coating,recursive:https://bostarcoating.com/,NOT_IN_SITEMAP,200,https://bostarcoating.com/solutions/furniture-hardware-coating,0,solution-detail,zh-CN,furniture-hardware-coating 解决方案 | BOSTAR,按工件、产量、换色和质量目标组合设备。,furniture-hardware-coating 解决方案,https://www.bostarcoating.com/,HOMEPAGE_CANONICAL,"index, follow",YES,,BreadcrumbList | FAQPage | IndustrialManufacturer | WebSite,12,1,0,1,0,a2e4c962ce0e3abdd23e4b49f4d723b5f51b7985a1c64f9a0896961026866f6c,contains-form; nav-links:13
https://bostarcoating.com/solutions/hardware-powder-coating,recursive:https://bostarcoating.com/solutions,NOT_IN_SITEMAP,200,https://bostarcoating.com/solutions/hardware-powder-coating,0,solution-detail,zh-CN,hardware-powder-coating 解决方案 | BOSTAR,按工件、产量、换色和质量目标组合设备。,hardware-powder-coating 解决方案,https://www.bostarcoating.com/,HOMEPAGE_CANONICAL,"index, follow",YES,,BreadcrumbList | FAQPage | IndustrialManufacturer | WebSite,12,1,0,1,0,e6306c9d5dbeffa9f55a54a8fa123fe61139294c3947afb8dff16c55899046db,contains-form; nav-links:13
https://bostarcoating.com/solutions/lab-sample-coating,recursive:https://bostarcoating.com/,NOT_IN_SITEMAP,200,https://bostarcoating.com/solutions/lab-sample-coating,0,solution-detail,zh-CN,lab-sample-coating 解决方案 | BOSTAR,按工件、产量、换色和质量目标组合设备。,lab-sample-coating 解决方案,https://www.bostarcoating.com/,HOMEPAGE_CANONICAL,"index, follow",YES,,BreadcrumbList | FAQPage | IndustrialManufacturer | WebSite,12,1,0,1,0,6544fc6b366d9d56b53cf9ae7b8a8d0f60b39ba1b75451f7c0ab437509be5243,contains-form; nav-links:13
https://www.bostarcoating.com/,www-homepage-seed,IN_SITEMAP,200,https://www.bostarcoating.com/,0,home,zh-CN,博士达静电喷涂设备官网_智能液体粉体涂装系统_高速静电旋杯厂家BOSTAR,博士达(BOSTAR)专注于高性能工业静电喷涂设备、智能化涂装系统及精密流体配件的研发与制造。产品涵盖液体/粉末静电喷枪、高速静电旋杯、DISK旋盘系统等、高压无气静电喷枪，为汽车、五金、家电等行业提供高效低碳的表面涂装解决方案。,以绝对精准，定义每一道涂层。,https://www.bostarcoating.com/,SELF_CANONICAL,"index, follow",YES,,BreadcrumbList | FAQPage | IndustrialManufacturer | WebSite,38,9,0,1,0,7bd72c6498ebb302d5b1383b3ff791ad898e5f7e079c53f1c2a0d9683532473e,contains-form; nav-links:11
https://www.bostarcoating.com/about,sitemap,IN_SITEMAP,200,https://www.bostarcoating.com/about,0,about,zh-CN,关于博士达 | BOSTAR,了解博士达在工业喷涂设备、粉末与液体涂装系统和自动化产线方面的服务能力。,精密静电涂装，赋能高效工业。,https://www.bostarcoating.com/,HOMEPAGE_CANONICAL,"index, follow",YES,,BreadcrumbList | IndustrialManufacturer | WebSite,12,1,0,0,0,6b486f5bd41223191c3b590118094df6ff74cd73c13cadb679236fdbfac35e0c,nav-links:12
https://www.bostarcoating.com/cases,sitemap,IN_SITEMAP,200,https://www.bostarcoating.com/cases,0,case-index,zh-CN,案例中心 | BOSTAR,博士达粉末静电喷涂设备行业应用案例。,案例中心,https://www.bostarcoating.com/,HOMEPAGE_CANONICAL,"index, follow",YES,,BreadcrumbList | IndustrialManufacturer | WebSite,12,1,0,0,0,23125ceeb7de7aeb0c24c41d4eedb71c9c0b45d3b3e28242720ed9eee7fc40d5,nav-links:12
https://www.bostarcoating.com/contact,sitemap,IN_SITEMAP,200,https://www.bostarcoating.com/contact,0,contact,zh-CN,联系我们 | BOSTAR,提交静电喷涂设备选型、报价、资料下载和售后维护需求。,联系博士达,https://www.bostarcoating.com/,HOMEPAGE_CANONICAL,"index, follow",YES,,BreadcrumbList | IndustrialManufacturer | LocalBusiness | WebSite,12,1,0,1,0,749047e6a633b73ca68a73af670cdaaa1070f393006cdc5633e4975eb36e35cc,contains-form; nav-links:12
https://www.bostarcoating.com/downloads,sitemap,IN_SITEMAP,200,https://www.bostarcoating.com/downloads,0,download-index,zh-CN,资料下载 | BOSTAR,下载粉末静电喷枪画册、控制器说明书、DISK 系统资料、故障排查清单和维护指南。,资料下载,https://www.bostarcoating.com/,HOMEPAGE_CANONICAL,"index, follow",YES,,BreadcrumbList | IndustrialManufacturer | WebSite,17,1,0,0,0,c54d877982fac47ede37f72066648ca51899c7937beef6eb9c451d802deee239,nav-links:12
https://www.bostarcoating.com/downloads/controller-manual,sitemap,IN_SITEMAP,200,https://www.bostarcoating.com/downloads/controller-manual,0,download-detail,zh-CN,静电喷涂控制器说明书 | BOSTAR,静电喷涂控制器说明书,静电喷涂控制器说明书,https://www.bostarcoating.com/,HOMEPAGE_CANONICAL,"index, follow",YES,,BreadcrumbList | IndustrialManufacturer | WebSite,14,1,0,0,1,29719327a59151aad169b575ed6d308ae83a7420d95e25e0881fa4256e2830c3,nav-links:13
https://www.bostarcoating.com/downloads/disk-system-sheet,sitemap,IN_SITEMAP,200,https://www.bostarcoating.com/downloads/disk-system-sheet,0,download-detail,zh-CN,DISK 静电旋碟系统资料 | BOSTAR,DISK 静电旋碟系统资料,DISK 静电旋碟系统资料,https://www.bostarcoating.com/,HOMEPAGE_CANONICAL,"index, follow",YES,,BreadcrumbList | IndustrialManufacturer | WebSite,14,1,0,0,1,7463302633c551bf79af31bbd75c85a1ff6e0f3cece3329c87416e7a988dce01,nav-links:13
https://www.bostarcoating.com/downloads/maintenance-guide,sitemap,IN_SITEMAP,200,https://www.bostarcoating.com/downloads/maintenance-guide,0,download-detail,zh-CN,喷枪日常维护指南 | BOSTAR,喷枪日常维护指南,喷枪日常维护指南,https://www.bostarcoating.com/,HOMEPAGE_CANONICAL,"index, follow",YES,,BreadcrumbList | IndustrialManufacturer | WebSite,14,1,0,0,1,61cce89d5118e96741cbfcdb21be36f35d7c6922d70578098ddbdc3fc69ebcf1,nav-links:13
https://www.bostarcoating.com/downloads/powder-gun-catalog,sitemap,IN_SITEMAP,200,https://www.bostarcoating.com/downloads/powder-gun-catalog,0,download-detail,zh-CN,粉末静电喷枪产品画册 | BOSTAR,粉末静电喷枪产品画册,粉末静电喷枪产品画册,https://www.bostarcoating.com/,HOMEPAGE_CANONICAL,"index, follow",YES,,BreadcrumbList | IndustrialManufacturer | WebSite,14,1,0,0,1,9f40eba4f194bde52bb1cb965e250a2f80986b1b3bce889261316fcd959b70d5,nav-links:13
https://www.bostarcoating.com/downloads/troubleshooting-checklist,sitemap,IN_SITEMAP,200,https://www.bostarcoating.com/downloads/troubleshooting-checklist,0,download-detail,zh-CN,喷涂故障排查清单 | BOSTAR,喷涂故障排查清单,喷涂故障排查清单,https://www.bostarcoating.com/,HOMEPAGE_CANONICAL,"index, follow",YES,,BreadcrumbList | IndustrialManufacturer | WebSite,14,1,0,0,1,b68336899cd765397e28b006a1cb29442d7da799a8e4fb9471bacb91a68043b8,nav-links:13
https://www.bostarcoating.com/faq,sitemap,IN_SITEMAP,200,https://www.bostarcoating.com/faq,0,faq,zh-CN,FAQ 常见问题 | BOSTAR,静电喷枪选型、工艺调试、故障排查、维护和资料下载常见问题。,常见问题,https://www.bostarcoating.com/,HOMEPAGE_CANONICAL,"index, follow",YES,,BreadcrumbList | FAQPage | IndustrialManufacturer | WebSite,12,1,0,0,0,859a0d1ed749e00dafe9321e73f4059832e3db6a97548488f2add4f25f853d54,nav-links:12
https://www.bostarcoating.com/knowledge,sitemap,IN_SITEMAP,200,https://www.bostarcoating.com/knowledge,0,knowledge-index,zh-CN,知识中心 | BOSTAR,静电喷枪选型、粉末喷涂工艺、故障排查、操作维护和安全规范知识库。,知识中心,https://www.bostarcoating.com/,HOMEPAGE_CANONICAL,"index, follow",YES,,BreadcrumbList | IndustrialManufacturer | WebSite,24,1,0,0,0,18836f279db5d9e4b26360554eadbab0b4a3957a3fde5bb43401fd63add3cdc0,nav-links:12
https://www.bostarcoating.com/knowledge/faq,sitemap,IN_SITEMAP,200,https://www.bostarcoating.com/knowledge/faq,0,knowledge-category,zh-CN,常见问题 | BOSTAR,常见问题文章列表,常见问题,https://www.bostarcoating.com/,HOMEPAGE_CANONICAL,"index, follow",YES,,BreadcrumbList | IndustrialManufacturer | WebSite,12,1,0,0,0,9c468d1176a4bc043f81318ab4f782e8651ae4627aa6c6247455c737687e38d6,nav-links:13
https://www.bostarcoating.com/knowledge/industry-encyclopedia,sitemap,IN_SITEMAP,200,https://www.bostarcoating.com/knowledge/industry-encyclopedia,0,knowledge-category,zh-CN,行业百科 | BOSTAR,行业百科文章列表,行业百科,https://www.bostarcoating.com/,HOMEPAGE_CANONICAL,"index, follow",YES,,BreadcrumbList | IndustrialManufacturer | WebSite,12,1,0,0,0,4fe0d2fa794555f5ba6efd98597d6e7f1fb8d575bc74436d4ac29b23939183ea,nav-links:13
https://www.bostarcoating.com/knowledge/operation-maintenance,sitemap,IN_SITEMAP,200,https://www.bostarcoating.com/knowledge/operation-maintenance,0,knowledge-category,zh-CN,操作维护 | BOSTAR,操作维护文章列表,操作维护,https://www.bostarcoating.com/,HOMEPAGE_CANONICAL,"index, follow",YES,,BreadcrumbList | IndustrialManufacturer | WebSite,12,1,0,0,0,d77279da919bb0b5ba7cf1e3f221454c7fa17563cecfb50896e49f3e3ebcddda,nav-links:13
https://www.bostarcoating.com/knowledge/process-knowledge,sitemap,IN_SITEMAP,200,https://www.bostarcoating.com/knowledge/process-knowledge,0,knowledge-category,zh-CN,工艺知识 | BOSTAR,工艺知识文章列表,工艺知识,https://www.bostarcoating.com/,HOMEPAGE_CANONICAL,"index, follow",YES,,BreadcrumbList | IndustrialManufacturer | WebSite,13,1,0,0,0,eb803c935b2de13f10885e3e06d41abf3bb5d51b8ae5487a32ff22790d7654f1,nav-links:13
https://www.bostarcoating.com/knowledge/process-knowledge/adjust-spray-voltage,sitemap,IN_SITEMAP,200,https://www.bostarcoating.com/knowledge/process-knowledge/adjust-spray-voltage,0,knowledge-detail,zh-CN,静电喷涂电压怎么调？ | BOSTAR,围绕现场问题给出判断方法和设备建议。,静电喷涂电压怎么调？,https://www.bostarcoating.com/,HOMEPAGE_CANONICAL,"index, follow",YES,,Article | BreadcrumbList | FAQPage | IndustrialManufacturer | WebSite,12,1,0,1,0,406a76179ebf7d1528bedb62e57daf2f93e85b51f47861c844ad18633752080e,contains-form; nav-links:13
https://www.bostarcoating.com/knowledge/product-comparison,sitemap,IN_SITEMAP,200,https://www.bostarcoating.com/knowledge/product-comparison,0,knowledge-category,zh-CN,产品对比 | BOSTAR,产品对比文章列表,产品对比,https://www.bostarcoating.com/,HOMEPAGE_CANONICAL,"index, follow",YES,,BreadcrumbList | IndustrialManufacturer | WebSite,12,1,0,0,0,de2d31095d9d288479987e86d572bc780614da51e98b11dd1cdff9f3424c053e,nav-links:13
https://www.bostarcoating.com/knowledge/safety-standard,sitemap,IN_SITEMAP,200,https://www.bostarcoating.com/knowledge/safety-standard,0,knowledge-category,zh-CN,安全规范 | BOSTAR,安全规范文章列表,安全规范,https://www.bostarcoating.com/,HOMEPAGE_CANONICAL,"index, follow",YES,,BreadcrumbList | IndustrialManufacturer | WebSite,12,1,0,0,0,851f654aa73f6a3e2f3faa97bf739e2360a17801bc4553211e40406bd3542a31,nav-links:13
https://www.bostarcoating.com/knowledge/selection-guide,sitemap,IN_SITEMAP,200,https://www.bostarcoating.com/knowledge/selection-guide,0,knowledge-category,zh-CN,选型指南 | BOSTAR,选型指南文章列表,选型指南,https://www.bostarcoating.com/,HOMEPAGE_CANONICAL,"index, follow",YES,,BreadcrumbList | IndustrialManufacturer | WebSite,14,1,0,0,0,d650b2812101b61eb23a73af873bf625ac7b5ba1081b37d2022762565f747c1a,nav-links:13
https://www.bostarcoating.com/knowledge/selection-guide/how-to-choose-electrostatic-spray-gun,sitemap,IN_SITEMAP,200,https://www.bostarcoating.com/knowledge/selection-guide/how-to-choose-electrostatic-spray-gun,0,knowledge-detail,zh-CN,静电喷枪怎么选？ | BOSTAR,围绕现场问题给出判断方法和设备建议。,静电喷枪怎么选？,https://www.bostarcoating.com/,HOMEPAGE_CANONICAL,"index, follow",YES,,Article | BreadcrumbList | FAQPage | IndustrialManufacturer | WebSite,12,1,0,1,0,6358c007d5a2fd9f723e7d74b18e460724f8534cc845897b37f12baf57ba6596,contains-form; nav-links:13
https://www.bostarcoating.com/knowledge/selection-guide/manual-powder-gun-selection-guide,sitemap,IN_SITEMAP,200,https://www.bostarcoating.com/knowledge/selection-guide/manual-powder-gun-selection-guide,0,knowledge-detail,zh-CN,手动粉末静电喷枪选型指南 | BOSTAR,围绕现场问题给出判断方法和设备建议。,手动粉末静电喷枪选型指南,https://www.bostarcoating.com/,HOMEPAGE_CANONICAL,"index, follow",YES,,Article | BreadcrumbList | FAQPage | IndustrialManufacturer | WebSite,12,1,0,1,0,2ea1ca35be23877a57bacac853986493ee5cee0911ee12737e23648dfeee1249,contains-form; nav-links:13
https://www.bostarcoating.com/knowledge/troubleshooting,sitemap,IN_SITEMAP,200,https://www.bostarcoating.com/knowledge/troubleshooting,0,knowledge-category,zh-CN,故障排查 | BOSTAR,故障排查文章列表,故障排查,https://www.bostarcoating.com/,HOMEPAGE_CANONICAL,"index, follow",YES,,BreadcrumbList | IndustrialManufacturer | WebSite,13,1,0,0,0,ba56e17a0dfb23c43a99d825c5c5f5660a3ea7185741b76497cf01afb22cde3f,nav-links:13
https://www.bostarcoating.com/knowledge/troubleshooting/powder-gun-not-picking-powder,sitemap,IN_SITEMAP,200,https://www.bostarcoating.com/knowledge/troubleshooting/powder-gun-not-picking-powder,0,knowledge-detail,zh-CN,静电喷枪不上粉怎么办？ | BOSTAR,围绕现场问题给出判断方法和设备建议。,静电喷枪不上粉怎么办？,https://www.bostarcoating.com/,HOMEPAGE_CANONICAL,"index, follow",YES,,Article | BreadcrumbList | FAQPage | IndustrialManufacturer | WebSite,12,1,0,1,0,eb8dad458faa162edcf78143ed8c6ed8675b42ede222a8d1fae8063758c4f0ce,contains-form; nav-links:13
https://www.bostarcoating.com/news,sitemap,IN_SITEMAP,200,https://www.bostarcoating.com/news,0,news,zh-CN,新闻动态 | BOSTAR,博士达品牌新闻、产品更新和行业动态。,新闻动态,https://www.bostarcoating.com/,HOMEPAGE_CANONICAL,"index, follow",YES,,BreadcrumbList | IndustrialManufacturer | WebSite,12,1,0,0,0,2749af8e65434b2e923f892e7bf4f4b17e231c9d0140eafc32be134bc5b8d31e,nav-links:12
https://www.bostarcoating.com/products,sitemap,IN_SITEMAP,200,https://www.bostarcoating.com/products,0,product-index,zh-CN,产品中心 | BOSTAR,博士达粉末静电喷枪、喷涂控制器、DISK 静电旋碟系统、供粉回收与涂装自动化设备。,产品中心,https://www.bostarcoating.com/,HOMEPAGE_CANONICAL,"index, follow",YES,,BreadcrumbList | IndustrialManufacturer | WebSite,33,16,0,0,0,9089bf97b6071f2e5096770c7343999ab513e071f2d79cd9a73e5beaa554e66b,nav-links:12
https://www.bostarcoating.com/products/Automatic-Electrostatic-Liquid-Spray-Gun,sitemap,IN_SITEMAP,404,https://www.bostarcoating.com/products/Automatic-Electrostatic-Liquid-Spray-Gun,0,product-category,,博士达静电喷涂设备官网_智能液体粉体涂装系统_高速静电旋杯厂家BOSTAR,博士达(BOSTAR)专注于高性能工业静电喷涂设备、智能化涂装系统及精密流体配件的研发与制造。产品涵盖液体/粉末静电喷枪、高速静电旋杯、DISK旋盘系统等、高压无气静电喷枪，为汽车、五金、家电等行业提供高效低碳的表面涂装解决方案。,,https://www.bostarcoating.com/,HOMEPAGE_CANONICAL,"index, follow",NO,,,0,0,0,0,0,90c77bbb61b3c30dbc17421291f8cd99e6a11ea054a1242ac661c5690cbaddee,sitemap-404
https://www.bostarcoating.com/products/Automatic-Electrostatic-Liquid-Spray-Gun/bsd-3029-automatic-liquid-electrostatic-spray-gun,sitemap,IN_SITEMAP,200,https://www.bostarcoating.com/products/Automatic-Electrostatic-Liquid-Spray-Gun/bsd-3029-automatic-liquid-electrostatic-spray-gun,0,product-detail,zh-CN,高性能液体自动静电喷枪控制系统 | BOSTAR,BSD-3029 高性能静电自动喷枪是一款专为自动化涂装（往复机与机器人联动）设计的高效、通用液体全自动静电喷涂工具 。系统内置国际标准高压串级发生器，消除传统外置电缆的静电流失，具备强劲的静电包覆效果，显著提升涂料传递效率、节省油漆并减少环境污染 。主机支持高达 100 组数字化工艺配方存储与高精度闭环气流智能参数调节 。,高性能液体自动静电喷枪控制系统,https://www.bostarcoating.com/,HOMEPAGE_CANONICAL,"index, follow",YES,,BreadcrumbList | FAQPage | HowTo | IndustrialManufacturer | Product | WebSite,12,2,0,1,0,aeeb83d18daa763001b31931d48b664036e25ffae445e5a653f5e5bcf5e8c767,contains-form; nav-links:14
https://www.bostarcoating.com/products/Automatic-Electrostatic-Powder-Rotary-Bell,sitemap,IN_SITEMAP,404,https://www.bostarcoating.com/products/Automatic-Electrostatic-Powder-Rotary-Bell,0,product-category,,博士达静电喷涂设备官网_智能液体粉体涂装系统_高速静电旋杯厂家BOSTAR,博士达(BOSTAR)专注于高性能工业静电喷涂设备、智能化涂装系统及精密流体配件的研发与制造。产品涵盖液体/粉末静电喷枪、高速静电旋杯、DISK旋盘系统等、高压无气静电喷枪，为汽车、五金、家电等行业提供高效低碳的表面涂装解决方案。,,https://www.bostarcoating.com/,HOMEPAGE_CANONICAL,"index, follow",NO,,,0,0,0,0,0,90c77bbb61b3c30dbc17421291f8cd99e6a11ea054a1242ac661c5690cbaddee,sitemap-404
https://www.bostarcoating.com/products/Automatic-Electrostatic-Powder-Rotary-Bell/bostar-f18-automatic-powder-electrostatic-rotary-bell,sitemap,IN_SITEMAP,200,https://www.bostarcoating.com/products/Automatic-Electrostatic-Powder-Rotary-Bell/bostar-f18-automatic-powder-electrostatic-rotary-bell,0,product-detail,zh-CN,粉末静电旋杯 | BOSTAR,博士达F18粉末静电旋杯是一款专为现代工业涂装设计的高效、节能且环保的粉末涂料喷涂装置 。设备采用电晕放电使粉末高效带电，结合高速旋转产生的强大离心力 ，能有效解决涂层斑驳、流线及颜色不匀等常见问题 ，确保粉末在工件表面实现均匀覆盖与极佳的附着力 。,粉末静电旋杯,https://www.bostarcoating.com/,HOMEPAGE_CANONICAL,"index, follow",YES,,BreadcrumbList | FAQPage | HowTo | IndustrialManufacturer | Product | WebSite,12,2,0,1,0,73859d34826c865363bc9e81ad946570ebf16cc58c1119883a7ba61fef9ddfec,contains-form; nav-links:14
https://www.bostarcoating.com/products/Automatic-Electrostatic-Rotary-Bell-Atomizer,sitemap,IN_SITEMAP,404,https://www.bostarcoating.com/products/Automatic-Electrostatic-Rotary-Bell-Atomizer,0,product-category,,博士达静电喷涂设备官网_智能液体粉体涂装系统_高速静电旋杯厂家BOSTAR,博士达(BOSTAR)专注于高性能工业静电喷涂设备、智能化涂装系统及精密流体配件的研发与制造。产品涵盖液体/粉末静电喷枪、高速静电旋杯、DISK旋盘系统等、高压无气静电喷枪，为汽车、五金、家电等行业提供高效低碳的表面涂装解决方案。,,https://www.bostarcoating.com/,HOMEPAGE_CANONICAL,"index, follow",NO,,,0,0,0,0,0,90c77bbb61b3c30dbc17421291f8cd99e6a11ea054a1242ac661c5690cbaddee,sitemap-404
https://www.bostarcoating.com/products/Automatic-Electrostatic-Rotary-Bell-Atomizer/automatic-electrostatic-powder-rotary-bell-bsd-cu300,sitemap,IN_SITEMAP,200,https://www.bostarcoating.com/products/Automatic-Electrostatic-Rotary-Bell-Atomizer/automatic-electrostatic-powder-rotary-bell-bsd-cu300,0,product-detail,zh-CN,自动粉末静电旋杯 | BOSTAR,博士达 BSD-CU300 自动粉末静电旋杯专为现代化工业粉末静电喷涂场景量身定制 。设备利用高达 100kV 的高压静电场使粉末颗粒高效、均匀地带电 ，配合空气涡轮高速旋转雾化技术，可显著提升粉末转移效率与上粉率 ，广泛应用于汽车制造、家电生产、金属加工等自动化涂装线 。,自动粉末静电旋杯,https://www.bostarcoating.com/,HOMEPAGE_CANONICAL,"index, follow",YES,,BreadcrumbList | FAQPage | HowTo | IndustrialManufacturer | Product | WebSite,13,2,0,1,0,2015ad23397463926ddf9e22d8f4b9644af3d58744585ec2013e1984fb8dfc5a,contains-form; nav-links:14
https://www.bostarcoating.com/products/Automatic-Electrostatic-Rotary-Bell-Atomizer/bell-cup-automatic-electrostatic-coating-system-bsd-3029,sitemap,IN_SITEMAP,200,https://www.bostarcoating.com/products/Automatic-Electrostatic-Rotary-Bell-Atomizer/bell-cup-automatic-electrostatic-coating-system-bsd-3029,0,product-detail,zh-CN,液体自动静电旋杯 | BOSTAR,博士达BOSTAR内置高压型自动静电旋杯喷涂系统（型号：BSD-3029），专为溶剂型和水性涂料的高端自动化表面处理设计 。系统将先进的静电旋杯雾化技术与高效内加电工艺完美结合，上漆效率最高可达95% 。具备超高涂料利用率、漆膜细腻均匀以及包覆效果良好的核心技术卖点，可从根本上消除传统喷涂中的过喷与飞溅，旨在为工业现代化流水线提供稳定、安全且低材料成本的高品质全自动涂装解决方案 。,液体自动静电旋杯,https://www.bostarcoating.com/,HOMEPAGE_CANONICAL,"index, follow",YES,,BreadcrumbList | FAQPage | IndustrialManufacturer | Product | WebSite,13,2,0,1,0,ca1ca7500ad5e6d517f6800d5d67058631d9ad3a78c4920735585e0bc6a68239,contains-form; nav-links:14
https://www.bostarcoating.com/products/High-Pressure-Airless-Spraying-Equipment,sitemap,IN_SITEMAP,404,https://www.bostarcoating.com/products/High-Pressure-Airless-Spraying-Equipment,0,product-category,,博士达静电喷涂设备官网_智能液体粉体涂装系统_高速静电旋杯厂家BOSTAR,博士达(BOSTAR)专注于高性能工业静电喷涂设备、智能化涂装系统及精密流体配件的研发与制造。产品涵盖液体/粉末静电喷枪、高速静电旋杯、DISK旋盘系统等、高压无气静电喷枪，为汽车、五金、家电等行业提供高效低碳的表面涂装解决方案。,,https://www.bostarcoating.com/,HOMEPAGE_CANONICAL,"index, follow",NO,,,0,0,0,0,0,90c77bbb61b3c30dbc17421291f8cd99e6a11ea054a1242ac661c5690cbaddee,sitemap-404
https://www.bostarcoating.com/products/Manual-Electrostatic-Liquid-Spray-Gun,sitemap,IN_SITEMAP,404,https://www.bostarcoating.com/products/Manual-Electrostatic-Liquid-Spray-Gun,0,product-category,,博士达静电喷涂设备官网_智能液体粉体涂装系统_高速静电旋杯厂家BOSTAR,博士达(BOSTAR)专注于高性能工业静电喷涂设备、智能化涂装系统及精密流体配件的研发与制造。产品涵盖液体/粉末静电喷枪、高速静电旋杯、DISK旋盘系统等、高压无气静电喷枪，为汽车、五金、家电等行业提供高效低碳的表面涂装解决方案。,,https://www.bostarcoating.com/,HOMEPAGE_CANONICAL,"index, follow",NO,,,0,0,0,0,0,90c77bbb61b3c30dbc17421291f8cd99e6a11ea054a1242ac661c5690cbaddee,sitemap-404
https://www.bostarcoating.com/products/Manual-Electrostatic-Liquid-Spray-Gun/bsd-3009a-manual-liquid-electrostatic-spray-gun,sitemap,IN_SITEMAP,200,https://www.bostarcoating.com/products/Manual-Electrostatic-Liquid-Spray-Gun/bsd-3009a-manual-liquid-electrostatic-spray-gun,0,product-detail,zh-CN,手动液体静电喷枪 (水油通用系列) | BOSTAR,BSD-3009A 是一款专为高效表面涂装设计的手动液体静电喷枪 。枪身仅重 396 克 ，搭载全新内置高压发生器 ，静电利用率高达 98% 。产品具备卓越的静电包裹效果 与超高传输效率 ，相比传统空气喷枪可节省油漆达 30%~45%，是工业机械、五金家具、3C电子等行业提升喷涂质量与降本增效的理想选择 。,手动液体静电喷枪 (水油通用系列),https://www.bostarcoating.com/,HOMEPAGE_CANONICAL,"index, follow",YES,,BreadcrumbList | FAQPage | HowTo | IndustrialManufacturer | Product | WebSite,12,2,0,1,0,76b2477f8312ab08a89b211ea744178997feff7a38c3becd053b77813ec7bbba,contains-form; nav-links:14
https://www.bostarcoating.com/products/Manual-Electrostatic-Liquid-Spray-Gun/manual-liquid-electrostatic-spray-gun,sitemap,IN_SITEMAP,200,https://www.bostarcoating.com/products/Manual-Electrostatic-Liquid-Spray-Gun/manual-liquid-electrostatic-spray-gun,0,product-detail,zh-CN,手动液体静电喷枪 | BOSTAR,,手动液体静电喷枪,https://www.bostarcoating.com/,HOMEPAGE_CANONICAL,"index, follow",YES,,BreadcrumbList | FAQPage | IndustrialManufacturer | Product | WebSite,12,2,0,1,0,1c9128bf3af873488662f246d690ae442bcd2e25ebcff830c0e8f01717fe3dcf,missing-meta-description; contains-form; nav-links:14
https://www.bostarcoating.com/products/Testing-Instruments,sitemap,IN_SITEMAP,404,https://www.bostarcoating.com/products/Testing-Instruments,0,product-category,,博士达静电喷涂设备官网_智能液体粉体涂装系统_高速静电旋杯厂家BOSTAR,博士达(BOSTAR)专注于高性能工业静电喷涂设备、智能化涂装系统及精密流体配件的研发与制造。产品涵盖液体/粉末静电喷枪、高速静电旋杯、DISK旋盘系统等、高压无气静电喷枪，为汽车、五金、家电等行业提供高效低碳的表面涂装解决方案。,,https://www.bostarcoating.com/,HOMEPAGE_CANONICAL,"index, follow",NO,,,0,0,0,0,0,90c77bbb61b3c30dbc17421291f8cd99e6a11ea054a1242ac661c5690cbaddee,sitemap-404
https://www.bostarcoating.com/products/Testing-Instruments/paint-resistance-tester-zk815,sitemap,IN_SITEMAP,200,https://www.bostarcoating.com/products/Testing-Instruments/paint-resistance-tester-zk815,0,product-detail,zh-CN,油漆电阻测试仪 | BOSTAR,ZK-815 涂料阻抗检测仪（油漆电阻测试仪）采用工业级 MCU 微控制器芯片与全量程智能防烧技术，专为静电喷涂、涂料研发与流水线质检打造 。设备支持 0~450MΩ宽量程数字显示，具备油性漆/水性漆双模式独立分档、高压自动安全放电及高清液晶背光大屏 。其轻量化防摔外壳配合高光滑耐腐蚀探针，能显著优化静电喷涂工艺的颗粒吸附率、提高漆料利用率并降低企业生产成本，是涂装数字工艺管控的理想选择 。,油漆电阻测试仪,https://www.bostarcoating.com/,HOMEPAGE_CANONICAL,"index, follow",YES,,BreadcrumbList | FAQPage | HowTo | IndustrialManufacturer | Product | WebSite,13,2,0,1,0,650b507465c2eabf5e4a3d40fef68ce6c9c868fe2f8367b0d75476b02dbfeca9,contains-form; nav-links:14
https://www.bostarcoating.com/products/automatic-powder-spray-gun,sitemap,IN_SITEMAP,200,https://www.bostarcoating.com/products/automatic-powder-spray-gun,0,product-category,zh-CN,自动粉末静电喷枪 | BOSTAR,自动粉末静电喷枪系列,自动粉末静电喷枪,https://www.bostarcoating.com/,HOMEPAGE_CANONICAL,"index, follow",YES,,BreadcrumbList | IndustrialManufacturer | WebSite,13,2,0,0,0,10f812a6c6091eae22dc51f0adcfe82a68c79f9a9a4057bfc50333a020fbce11,nav-links:13
https://www.bostarcoating.com/products/automatic-powder-spray-gun/automatic-powder-spray-gun,sitemap,IN_SITEMAP,200,https://www.bostarcoating.com/products/automatic-powder-spray-gun/automatic-powder-spray-gun,0,product-detail,zh-CN,自动粉末静电喷枪 | BOSTAR,自动粉末静电喷枪用于工业粉末静电喷涂场景。,自动粉末静电喷枪,https://www.bostarcoating.com/,HOMEPAGE_CANONICAL,"index, follow",YES,,BreadcrumbList | FAQPage | IndustrialManufacturer | Product | WebSite,12,2,0,1,0,6426c7b0b3e034bd272cd0aadc23941db4d5894991ebee439bbc22ee1d804638,contains-form; nav-links:14
https://www.bostarcoating.com/products/automation-equipment,sitemap,IN_SITEMAP,200,https://www.bostarcoating.com/products/automation-equipment,0,product-category,zh-CN,涂装自动化设备 | BOSTAR,涂装自动化设备系列,涂装自动化设备,https://www.bostarcoating.com/,HOMEPAGE_CANONICAL,"index, follow",YES,,BreadcrumbList | IndustrialManufacturer | WebSite,12,1,0,0,0,4bd397fe530dd0edb9e8fc4000b8b2cde5d80365a4d6f1381768f723e8dc0ddd,nav-links:13
https://www.bostarcoating.com/products/electrostatic-flocking-machine,sitemap,IN_SITEMAP,200,https://www.bostarcoating.com/products/electrostatic-flocking-machine,0,product-category,zh-CN,静电喷绒机 | BOSTAR,,静电喷绒机,https://www.bostarcoating.com/,HOMEPAGE_CANONICAL,"index, follow",YES,,BreadcrumbList | IndustrialManufacturer | WebSite,13,2,0,0,0,84e05aec2c65b1f3dd647298a4472f3c8832cf2814b95903a281d31e0a2037de,missing-meta-description; nav-links:13
https://www.bostarcoating.com/products/electrostatic-flocking-machine/manual-electrostatic-flocking-velvet-spraying-machine,sitemap,IN_SITEMAP,200,https://www.bostarcoating.com/products/electrostatic-flocking-machine/manual-electrostatic-flocking-velvet-spraying-machine,0,product-detail,zh-CN,手动静电喷绒机 | BOSTAR,博士达（BOSTAR）手动静电喷绒机，采用先进的高压静电场定向纤维排列技术，输出电压高达 100KV。设备攻克了传统箱式植绒和手摇植绒难以应对的凹槽死角、大型摆件及复杂三维表面的植绒难题。具备极佳的雾化和静电效果，大幅提升绒毛利用率，并搭载智能电流限制安全保护系统，是汽车内饰、光学设备、建筑材料和工艺装饰等行业的高性能植绒首选。,手动静电喷绒机,https://www.bostarcoating.com/,HOMEPAGE_CANONICAL,"index, follow",YES,,BreadcrumbList | FAQPage | HowTo | IndustrialManufacturer | Product | WebSite,13,2,0,1,0,7080fff7309ea3e4116e2324b60480a6ef5d04d0abe3b38a2aedc1da8af459bf,contains-form; nav-links:14
https://www.bostarcoating.com/products/electrostatic-rotary-bell-system,sitemap,IN_SITEMAP,200,https://www.bostarcoating.com/products/electrostatic-rotary-bell-system,0,product-category,zh-CN,DISK 静电旋碟喷涂系统 | BOSTAR,DISK 静电旋碟喷涂系统系列,DISK 静电旋碟喷涂系统,https://www.bostarcoating.com/,HOMEPAGE_CANONICAL,"index, follow",YES,,BreadcrumbList | IndustrialManufacturer | WebSite,13,2,0,0,0,5a3573a9e595f055bff9c463e37da359801f2565b5f7d720c58b85580a8e308f,nav-links:13
https://www.bostarcoating.com/products/electrostatic-rotary-bell-system/disk-automatic-electrostatic-coating-system,sitemap,IN_SITEMAP,200,https://www.bostarcoating.com/products/electrostatic-rotary-bell-system/disk-automatic-electrostatic-coating-system,0,product-detail,zh-CN,DISK碟式静电喷涂系统 | BOSTAR,博士达欧米伽Ω圆盘型DISK自动静电喷涂系统（型号：BSD-3036），采用自主研发的高压静电技术与精密的制作工艺 。系统将先进的静电包复效应与间接加料设计完美结合，油漆利用率较传统空气喷涂成倍提升（最高上漆率达95%），具备死角涂装覆盖全、漆雾飞散少的显著优势，旨在为大规模工业流水线提供低成本、高恒定品质的高效自动化涂装解决方案 。,DISK碟式静电喷涂系统,https://www.bostarcoating.com/,HOMEPAGE_CANONICAL,"index, follow",YES,,BreadcrumbList | FAQPage | IndustrialManufacturer | Product | WebSite,13,2,0,1,0,6932885c7dd837c7d820a607c2b6c7f4302bb36ca18c0031fb419b4793abc1c0,contains-form; nav-links:14
https://www.bostarcoating.com/products/manual-powder-coating-gun,sitemap,IN_SITEMAP,200,https://www.bostarcoating.com/products/manual-powder-coating-gun,0,product-category,zh-CN,手动粉末静电喷枪 | BOSTAR,手动粉末静电喷枪系列,手动粉末静电喷枪,https://www.bostarcoating.com/,HOMEPAGE_CANONICAL,"index, follow",YES,,BreadcrumbList | IndustrialManufacturer | WebSite,16,5,0,0,0,e9bb50c6174a32bdaf92813c11af2ea732c6b9c2b8e6df5e24a8e8ac90de68fc,nav-links:13
https://www.bostarcoating.com/products/manual-powder-coating-gun/manual-electrostatic-powder-spray-gun,sitemap,IN_SITEMAP,200,https://www.bostarcoating.com/products/manual-powder-coating-gun/manual-electrostatic-powder-spray-gun,0,product-detail,zh-CN,手动粉末静电喷枪 | BOSTAR,,手动粉末静电喷枪,https://www.bostarcoating.com/,HOMEPAGE_CANONICAL,"index, follow",YES,,BreadcrumbList | FAQPage | IndustrialManufacturer | Product | WebSite,12,2,0,1,0,88deaf5cb230beacc34842c933ca0e89687f7ef288eada3e0ecc6b2b7b817c73,missing-meta-description; contains-form; nav-links:14
https://www.bostarcoating.com/products/manual-powder-coating-gun/manual-electrostatic-powder-spray-gun-bsd-f22,sitemap,IN_SITEMAP,200,https://www.bostarcoating.com/products/manual-powder-coating-gun/manual-electrostatic-powder-spray-gun-bsd-f22,0,product-detail,zh-CN,手动粉末静电喷枪 | BOSTAR,,手动粉末静电喷枪,https://www.bostarcoating.com/,HOMEPAGE_CANONICAL,"index, follow",YES,,BreadcrumbList | FAQPage | IndustrialManufacturer | Product | WebSite,12,2,0,1,0,88deaf5cb230beacc34842c933ca0e89687f7ef288eada3e0ecc6b2b7b817c73,missing-meta-description; contains-form; nav-links:14
https://www.bostarcoating.com/products/manual-powder-coating-gun/manual-powder-spray-gun,sitemap,IN_SITEMAP,200,https://www.bostarcoating.com/products/manual-powder-coating-gun/manual-powder-spray-gun,0,product-detail,zh-CN,手动粉末静电喷枪 | BOSTAR,粉末静电喷涂控制器用于工业粉末静电喷涂场景。,手动粉末静电喷枪,https://www.bostarcoating.com/,HOMEPAGE_CANONICAL,"index, follow",YES,,BreadcrumbList | FAQPage | IndustrialManufacturer | Product | WebSite,12,2,0,1,0,6756cd5276c8aed6ea16536d007c2017cee8f9cd621dba7f6c90600a0ee62ebb,contains-form; nav-links:14
https://www.bostarcoating.com/products/manual-powder-coating-gun/powder-coating-gun,sitemap,IN_SITEMAP,200,https://www.bostarcoating.com/products/manual-powder-coating-gun/powder-coating-gun,0,product-detail,zh-CN,手动粉末静电喷枪 | BOSTAR,BSD-5011S是一款专为高工业标准表面处理设计的智能手动粉末静电喷枪系统 。系统深度集成了数字步进阀气路控制单元、流体力学优化文丘里粉泵及CFD枪体流道设计，使荷电效率显著提升40%，综合后期维护成本直降30%以上。设备内置平板、复杂、返喷三大智能预设专家模式与100组配方存储空间，可有效将综合涂装次品率降低45%以上，广泛适用于建筑铝型材、新能源汽车配件、白色家电及3C电子等多元化工业表面涂装场景。,手动粉末静电喷枪,https://www.bostarcoating.com/,HOMEPAGE_CANONICAL,"index, follow",YES,,BreadcrumbList | FAQPage | HowTo | IndustrialManufacturer | Product | WebSite,12,2,0,1,0,c1ce641deed11d4dfc5a7f4dc9884471b41983d3a3fad1d1ea60e5478699c1d4,contains-form; nav-links:14
https://www.bostarcoating.com/products/spray-gun-accessories,sitemap,IN_SITEMAP,200,https://www.bostarcoating.com/products/spray-gun-accessories,0,product-category,zh-CN,喷枪配件 | BOSTAR,,喷枪配件,https://www.bostarcoating.com/,HOMEPAGE_CANONICAL,"index, follow",YES,,BreadcrumbList | IndustrialManufacturer | WebSite,13,2,0,0,0,ffaf8c92bb70a7fbbee1fb68e983a298d359c51ea14118a72a07f7532575d8eb,missing-meta-description; nav-links:13
https://www.bostarcoating.com/products/spray-gun-accessories/manual-powder-electrostatic-spray-gun-led-light-kit,sitemap,IN_SITEMAP,200,https://www.bostarcoating.com/products/spray-gun-accessories/manual-powder-electrostatic-spray-gun-led-light-kit,0,product-detail,zh-CN,手动粉末静电喷枪专用LED强光照明与缺陷检测灯套件 | BOSTAR,本LED灯套件专为手动粉末静电喷涂枪研发，采用创新的喷枪直接供电与扳机联动技术（扣动即亮、松开延时关闭）。模块化分体结构设计，加装总增重仅13.5g，完美保持喷枪原有手感与配重平衡。核心解决复杂工件凹槽、深腔及死角阴影区的照明难题，实现“喷涂-检测”同步进行，精准控制粉末留存厚度，显著降低粉末材料浪费与次品返工率。,手动粉末静电喷枪专用LED强光照明与缺陷检测灯套件,https://www.bostarcoating.com/,HOMEPAGE_CANONICAL,"index, follow",YES,,BreadcrumbList | FAQPage | HowTo | IndustrialManufacturer | Product | WebSite,13,2,0,1,0,3fe5427db125da3aaf9e5226f49acd329d98e943c396784c2e50eb23d001b744,contains-form; nav-links:14
https://www.bostarcoating.com/sample-download.pdf,recursive:https://www.bostarcoating.com/downloads/maintenance-guide,NOT_IN_SITEMAP,404,https://www.bostarcoating.com/sample-download.pdf,0,other,zh-CN,博士达静电喷涂设备官网_智能液体粉体涂装系统_高速静电旋杯厂家BOSTAR,博士达(BOSTAR)专注于高性能工业静电喷涂设备、智能化涂装系统及精密流体配件的研发与制造。产品涵盖液体/粉末静电喷枪、高速静电旋杯、DISK旋盘系统等、高压无气静电喷枪，为汽车、五金、家电等行业提供高效低碳的表面涂装解决方案。,页面未找到,https://www.bostarcoating.com/,HOMEPAGE_CANONICAL,"index, follow",NO,,IndustrialManufacturer | WebSite,12,1,0,0,0,6302c9e548d0ff4a77760c6960de628c5a1a0f33caad6a7907a5973d2f72baeb,nav-links:11
https://www.bostarcoating.com/service,sitemap,IN_SITEMAP,200,https://www.bostarcoating.com/service,0,service,zh-CN,服务与支持 | BOSTAR,博士达提供设备选型、安装调试、操作培训、维护与故障排查支持。,服务与支持,https://www.bostarcoating.com/,HOMEPAGE_CANONICAL,"index, follow",YES,,BreadcrumbList | IndustrialManufacturer | WebSite,12,1,0,0,0,502420246efb5c16301f00127fd6c85d2845198ea201633e8d08419d398f0cc3,nav-links:12
https://www.bostarcoating.com/solutions,sitemap,IN_SITEMAP,200,https://www.bostarcoating.com/solutions,0,solution-index,zh-CN,解决方案 | BOSTAR,博士达面向五金件、铝型材、机箱机柜、家具五金、汽车零部件和自动化喷涂线的解决方案。,解决方案,https://www.bostarcoating.com/,HOMEPAGE_CANONICAL,"index, follow",YES,,BreadcrumbList | IndustrialManufacturer | WebSite,19,1,0,0,0,57e59d33a08e9207cf7700a5a63223eca6096c5355ecb6382fbef4aa67e15769,nav-links:12
https://www.bostarcoating.com/solutions/aluminum-profile-powder-coating,sitemap,IN_SITEMAP,200,https://www.bostarcoating.com/solutions/aluminum-profile-powder-coating,0,solution-detail,zh-CN,aluminum-profile-powder-coating 解决方案 | BOSTAR,按工件、产量、换色和质量目标组合设备。,aluminum-profile-powder-coating 解决方案,https://www.bostarcoating.com/,HOMEPAGE_CANONICAL,"index, follow",YES,,BreadcrumbList | FAQPage | IndustrialManufacturer | WebSite,12,1,0,1,0,52783e3a14a9a550c02c46cb602e19b27a9e6449091a429676e8bf66dfc9b9e4,contains-form; nav-links:13
https://www.bostarcoating.com/solutions/auto-parts-coating,sitemap,IN_SITEMAP,200,https://www.bostarcoating.com/solutions/auto-parts-coating,0,solution-detail,zh-CN,auto-parts-coating 解决方案 | BOSTAR,按工件、产量、换色和质量目标组合设备。,auto-parts-coating 解决方案,https://www.bostarcoating.com/,HOMEPAGE_CANONICAL,"index, follow",YES,,BreadcrumbList | FAQPage | IndustrialManufacturer | WebSite,12,1,0,1,0,3719795cdf98d733f940882d59702ee66655c7fb9e16f2ebcd1e2c25f1926dad,contains-form; nav-links:13
https://www.bostarcoating.com/solutions/automatic-coating-line,sitemap,IN_SITEMAP,200,https://www.bostarcoating.com/solutions/automatic-coating-line,0,solution-detail,zh-CN,automatic-coating-line 解决方案 | BOSTAR,按工件、产量、换色和质量目标组合设备。,automatic-coating-line 解决方案,https://www.bostarcoating.com/,HOMEPAGE_CANONICAL,"index, follow",YES,,BreadcrumbList | FAQPage | IndustrialManufacturer | WebSite,12,2,0,1,0,5d09e51744cb176bd633f5027600efb5ad0b51d2cc342de0ab2d6037157b2b76,contains-form; nav-links:13
https://www.bostarcoating.com/solutions/cabinet-powder-coating,sitemap,IN_SITEMAP,200,https://www.bostarcoating.com/solutions/cabinet-powder-coating,0,solution-detail,zh-CN,cabinet-powder-coating 解决方案 | BOSTAR,按工件、产量、换色和质量目标组合设备。,cabinet-powder-coating 解决方案,https://www.bostarcoating.com/,HOMEPAGE_CANONICAL,"index, follow",YES,,BreadcrumbList | FAQPage | IndustrialManufacturer | WebSite,12,1,0,1,0,97c4f10810827a8c2a76153e0a6f0121698ed52c605b2e25d29a99dd69994421,contains-form; nav-links:13
https://www.bostarcoating.com/solutions/furniture-hardware-coating,sitemap,IN_SITEMAP,200,https://www.bostarcoating.com/solutions/furniture-hardware-coating,0,solution-detail,zh-CN,furniture-hardware-coating 解决方案 | BOSTAR,按工件、产量、换色和质量目标组合设备。,furniture-hardware-coating 解决方案,https://www.bostarcoating.com/,HOMEPAGE_CANONICAL,"index, follow",YES,,BreadcrumbList | FAQPage | IndustrialManufacturer | WebSite,12,1,0,1,0,a2e4c962ce0e3abdd23e4b49f4d723b5f51b7985a1c64f9a0896961026866f6c,contains-form; nav-links:13
https://www.bostarcoating.com/solutions/hardware-powder-coating,sitemap,IN_SITEMAP,200,https://www.bostarcoating.com/solutions/hardware-powder-coating,0,solution-detail,zh-CN,hardware-powder-coating 解决方案 | BOSTAR,按工件、产量、换色和质量目标组合设备。,hardware-powder-coating 解决方案,https://www.bostarcoating.com/,HOMEPAGE_CANONICAL,"index, follow",YES,,BreadcrumbList | FAQPage | IndustrialManufacturer | WebSite,12,1,0,1,0,e6306c9d5dbeffa9f55a54a8fa123fe61139294c3947afb8dff16c55899046db,contains-form; nav-links:13
https://www.bostarcoating.com/solutions/lab-sample-coating,sitemap,IN_SITEMAP,200,https://www.bostarcoating.com/solutions/lab-sample-coating,0,solution-detail,zh-CN,lab-sample-coating 解决方案 | BOSTAR,按工件、产量、换色和质量目标组合设备。,lab-sample-coating 解决方案,https://www.bostarcoating.com/,HOMEPAGE_CANONICAL,"index, follow",YES,,BreadcrumbList | FAQPage | IndustrialManufacturer | WebSite,12,1,0,1,0,6544fc6b366d9d56b53cf9ae7b8a8d0f60b39ba1b75451f7c0ab437509be5243,contains-form; nav-links:13
https://www.bostarcoating.com/videos,sitemap,IN_SITEMAP,200,https://www.bostarcoating.com/videos,0,video-index,zh-CN,视频中心 | BOSTAR,粉末静电喷枪操作、控制器参数设置和喷枪维护视频内容。,视频中心,https://www.bostarcoating.com/,HOMEPAGE_CANONICAL,"index, follow",YES,,BreadcrumbList | IndustrialManufacturer | WebSite,15,1,0,0,0,d8330661f5ed08197c27e7403521f242dcff3a94ed0036851f3afa0a82265ce4,nav-links:12
https://www.bostarcoating.com/videos/controller-setup,sitemap,IN_SITEMAP,200,https://www.bostarcoating.com/videos/controller-setup,0,video-detail,zh-CN,控制器参数设置说明 | BOSTAR,控制器参数设置说明,控制器参数设置说明,https://www.bostarcoating.com/,HOMEPAGE_CANONICAL,"index, follow",YES,,BreadcrumbList | IndustrialManufacturer | VideoObject | WebSite,13,1,0,0,0,896d5cb85a75d9e5ee4b954858223a6657d99a9284c316146f642cf4d2e1c4fb,nav-links:13
https://www.bostarcoating.com/videos/maintenance-cleaning,sitemap,IN_SITEMAP,200,https://www.bostarcoating.com/videos/maintenance-cleaning,0,video-detail,zh-CN,喷枪清洁维护流程 | BOSTAR,喷枪清洁维护流程,喷枪清洁维护流程,https://www.bostarcoating.com/,HOMEPAGE_CANONICAL,"index, follow",YES,,BreadcrumbList | IndustrialManufacturer | VideoObject | WebSite,13,1,0,0,0,f9a5d316730e43079b58d672f2a7a53f13443f334ad560b13a9cd2ee9371e4c3,nav-links:13
https://www.bostarcoating.com/videos/powder-gun-operation,sitemap,IN_SITEMAP,200,https://www.bostarcoating.com/videos/powder-gun-operation,0,video-detail,zh-CN,粉末静电喷枪基础操作 | BOSTAR,粉末静电喷枪基础操作,粉末静电喷枪基础操作,https://www.bostarcoating.com/,HOMEPAGE_CANONICAL,"index, follow",YES,,BreadcrumbList | IndustrialManufacturer | VideoObject | WebSite,13,1,0,0,0,4fa5d26a2326d3d11b67003a48071199d4dd5ef020bec7a4a9038b72244cb0ef,nav-links:13
