url,target_url,action,expected_status,actual_status,final_status,final_url,redirect_count,deployment,title,canonical,robots,html_lang,hreflang_status,content_type,result,evidence_source,notes
https://bostarcoating.com/,https://www.bostarcoating.com/,REDIRECT_301,301,301,200,https://www.bostarcoating.com/,1,dpl_AJn9W2vkJZ9zWdQHrUAdT7UkHM8h,博士达静电喷涂设备官网_智能液体粉体涂装系统_高速静电旋杯厂家BOSTAR,https://www.bostarcoating.com,"index, follow",zh-CN,PASS,text/html; charset=utf-8,PASS_301,manifest:audit/04-production-url-inventory.csv; deployment:dpl_AJn9W2vkJZ9zWdQHrUAdT7UkHM8h,redirect-chain:301:/ -> 200:/
https://bostarcoating.com/about,https://www.bostarcoating.com/about,REDIRECT_301,301,301,200,https://www.bostarcoating.com/about,1,dpl_AJn9W2vkJZ9zWdQHrUAdT7UkHM8h,关于博士达 | BOSTAR,https://www.bostarcoating.com/about,"index, follow",zh-CN,PASS,text/html; charset=utf-8,PASS_301,manifest:audit/04-production-url-inventory.csv; deployment:dpl_AJn9W2vkJZ9zWdQHrUAdT7UkHM8h,redirect-chain:301:/about -> 200:/about
https://bostarcoating.com/contact,https://www.bostarcoating.com/contact,REDIRECT_301,301,301,200,https://www.bostarcoating.com/contact,1,dpl_AJn9W2vkJZ9zWdQHrUAdT7UkHM8h,联系我们 | BOSTAR,https://www.bostarcoating.com/contact,"index, follow",zh-CN,PASS,text/html; charset=utf-8,PASS_301,manifest:audit/04-production-url-inventory.csv; deployment:dpl_AJn9W2vkJZ9zWdQHrUAdT7UkHM8h,redirect-chain:301:/contact -> 200:/contact
https://bostarcoating.com/downloads,https://www.bostarcoating.com/downloads,REDIRECT_301,301,301,200,https://www.bostarcoating.com/downloads,1,dpl_AJn9W2vkJZ9zWdQHrUAdT7UkHM8h,资料下载 | BOSTAR,https://www.bostarcoating.com/downloads,"index, follow",zh-CN,PASS,text/html; charset=utf-8,PASS_301,manifest:audit/04-production-url-inventory.csv; deployment:dpl_AJn9W2vkJZ9zWdQHrUAdT7UkHM8h,redirect-chain:301:/downloads -> 200:/downloads
https://bostarcoating.com/downloads/controller-manual,https://www.bostarcoating.com/downloads/controller-manual,REDIRECT_301,301,301,200,https://www.bostarcoating.com/downloads/controller-manual,1,dpl_AJn9W2vkJZ9zWdQHrUAdT7UkHM8h,静电喷涂控制器说明书 | BOSTAR,https://www.bostarcoating.com/downloads/controller-manual,"index, follow",zh-CN,PASS,text/html; charset=utf-8,PASS_301,manifest:audit/04-production-url-inventory.csv; deployment:dpl_AJn9W2vkJZ9zWdQHrUAdT7UkHM8h,redirect-chain:301:/downloads/controller-manual -> 200:/downloads/controller-manual
https://bostarcoating.com/downloads/disk-system-sheet,https://www.bostarcoating.com/downloads/disk-system-sheet,REDIRECT_301,301,301,200,https://www.bostarcoating.com/downloads/disk-system-sheet,1,dpl_AJn9W2vkJZ9zWdQHrUAdT7UkHM8h,DISK 静电旋碟系统资料 | BOSTAR,https://www.bostarcoating.com/downloads/disk-system-sheet,"index, follow",zh-CN,PASS,text/html; charset=utf-8,PASS_301,manifest:audit/04-production-url-inventory.csv; deployment:dpl_AJn9W2vkJZ9zWdQHrUAdT7UkHM8h,redirect-chain:301:/downloads/disk-system-sheet -> 200:/downloads/disk-system-sheet
https://bostarcoating.com/downloads/maintenance-guide,https://www.bostarcoating.com/downloads/maintenance-guide,REDIRECT_301,301,301,200,https://www.bostarcoating.com/downloads/maintenance-guide,1,dpl_AJn9W2vkJZ9zWdQHrUAdT7UkHM8h,喷枪日常维护指南 | BOSTAR,https://www.bostarcoating.com/downloads/maintenance-guide,"index, follow",zh-CN,PASS,text/html; charset=utf-8,PASS_301,manifest:audit/04-production-url-inventory.csv; deployment:dpl_AJn9W2vkJZ9zWdQHrUAdT7UkHM8h,redirect-chain:301:/downloads/maintenance-guide -> 200:/downloads/maintenance-guide
https://bostarcoating.com/downloads/powder-gun-catalog,https://www.bostarcoating.com/downloads/powder-gun-catalog,REDIRECT_301,301,301,200,https://www.bostarcoating.com/downloads/powder-gun-catalog,1,dpl_AJn9W2vkJZ9zWdQHrUAdT7UkHM8h,粉末静电喷枪产品画册 | BOSTAR,https://www.bostarcoating.com/downloads/powder-gun-catalog,"index, follow",zh-CN,PASS,text/html; charset=utf-8,PASS_301,manifest:audit/04-production-url-inventory.csv; deployment:dpl_AJn9W2vkJZ9zWdQHrUAdT7UkHM8h,redirect-chain:301:/downloads/powder-gun-catalog -> 200:/downloads/powder-gun-catalog
https://bostarcoating.com/downloads/troubleshooting-checklist,https://www.bostarcoating.com/downloads/troubleshooting-checklist,REDIRECT_301,301,301,200,https://www.bostarcoating.com/downloads/troubleshooting-checklist,1,dpl_AJn9W2vkJZ9zWdQHrUAdT7UkHM8h,喷涂故障排查清单 | BOSTAR,https://www.bostarcoating.com/downloads/troubleshooting-checklist,"index, follow",zh-CN,PASS,text/html; charset=utf-8,PASS_301,manifest:audit/04-production-url-inventory.csv; deployment:dpl_AJn9W2vkJZ9zWdQHrUAdT7UkHM8h,redirect-chain:301:/downloads/troubleshooting-checklist -> 200:/downloads/troubleshooting-checklist
https://bostarcoating.com/knowledge,https://www.bostarcoating.com/knowledge,REDIRECT_301,301,301,200,https://www.bostarcoating.com/knowledge,1,dpl_AJn9W2vkJZ9zWdQHrUAdT7UkHM8h,知识中心 | BOSTAR,https://www.bostarcoating.com/knowledge,"index, follow",zh-CN,PASS,text/html; charset=utf-8,PASS_301,manifest:audit/04-production-url-inventory.csv; deployment:dpl_AJn9W2vkJZ9zWdQHrUAdT7UkHM8h,redirect-chain:301:/knowledge -> 200:/knowledge
https://bostarcoating.com/knowledge/faq,https://www.bostarcoating.com/knowledge/faq,REDIRECT_301,301,301,200,https://www.bostarcoating.com/knowledge/faq,1,dpl_AJn9W2vkJZ9zWdQHrUAdT7UkHM8h,常见问题 | BOSTAR,https://www.bostarcoating.com/knowledge/faq,"index, follow",zh-CN,PASS,text/html; charset=utf-8,PASS_301,manifest:audit/04-production-url-inventory.csv; deployment:dpl_AJn9W2vkJZ9zWdQHrUAdT7UkHM8h,redirect-chain:301:/knowledge/faq -> 200:/knowledge/faq
https://bostarcoating.com/knowledge/industry-encyclopedia,https://www.bostarcoating.com/knowledge/industry-encyclopedia,REDIRECT_301,301,301,200,https://www.bostarcoating.com/knowledge/industry-encyclopedia,1,dpl_AJn9W2vkJZ9zWdQHrUAdT7UkHM8h,行业百科 | BOSTAR,https://www.bostarcoating.com/knowledge/industry-encyclopedia,"index, follow",zh-CN,PASS,text/html; charset=utf-8,PASS_301,manifest:audit/04-production-url-inventory.csv; deployment:dpl_AJn9W2vkJZ9zWdQHrUAdT7UkHM8h,redirect-chain:301:/knowledge/industry-encyclopedia -> 200:/knowledge/industry-encyclopedia
https://bostarcoating.com/knowledge/operation-maintenance,https://www.bostarcoating.com/knowledge/operation-maintenance,REDIRECT_301,301,301,200,https://www.bostarcoating.com/knowledge/operation-maintenance,1,dpl_AJn9W2vkJZ9zWdQHrUAdT7UkHM8h,操作维护 | BOSTAR,https://www.bostarcoating.com/knowledge/operation-maintenance,"index, follow",zh-CN,PASS,text/html; charset=utf-8,PASS_301,manifest:audit/04-production-url-inventory.csv; deployment:dpl_AJn9W2vkJZ9zWdQHrUAdT7UkHM8h,redirect-chain:301:/knowledge/operation-maintenance -> 200:/knowledge/operation-maintenance
https://bostarcoating.com/knowledge/process-knowledge,https://www.bostarcoating.com/knowledge/process-knowledge,REDIRECT_301,301,301,200,https://www.bostarcoating.com/knowledge/process-knowledge,1,dpl_AJn9W2vkJZ9zWdQHrUAdT7UkHM8h,工艺知识 | BOSTAR,https://www.bostarcoating.com/knowledge/process-knowledge,"index, follow",zh-CN,PASS,text/html; charset=utf-8,PASS_301,manifest:audit/04-production-url-inventory.csv; deployment:dpl_AJn9W2vkJZ9zWdQHrUAdT7UkHM8h,redirect-chain:301:/knowledge/process-knowledge -> 200:/knowledge/process-knowledge
https://bostarcoating.com/knowledge/process-knowledge/adjust-spray-voltage,https://www.bostarcoating.com/knowledge/process-knowledge/adjust-spray-voltage,REDIRECT_301,301,301,200,https://www.bostarcoating.com/knowledge/process-knowledge/adjust-spray-voltage,1,dpl_AJn9W2vkJZ9zWdQHrUAdT7UkHM8h,静电喷涂电压怎么调？ | BOSTAR,https://www.bostarcoating.com/knowledge/process-knowledge/adjust-spray-voltage,"index, follow",zh-CN,PASS,text/html; charset=utf-8,PASS_301,manifest:audit/04-production-url-inventory.csv; deployment:dpl_AJn9W2vkJZ9zWdQHrUAdT7UkHM8h,redirect-chain:301:/knowledge/process-knowledge/adjust-spray-voltage -> 200:/knowledge/process-knowledge/adjust-spray-voltage
https://bostarcoating.com/knowledge/product-comparison,https://www.bostarcoating.com/knowledge/product-comparison,REDIRECT_301,301,301,200,https://www.bostarcoating.com/knowledge/product-comparison,1,dpl_AJn9W2vkJZ9zWdQHrUAdT7UkHM8h,产品对比 | BOSTAR,https://www.bostarcoating.com/knowledge/product-comparison,"index, follow",zh-CN,PASS,text/html; charset=utf-8,PASS_301,manifest:audit/04-production-url-inventory.csv; deployment:dpl_AJn9W2vkJZ9zWdQHrUAdT7UkHM8h,redirect-chain:301:/knowledge/product-comparison -> 200:/knowledge/product-comparison
https://bostarcoating.com/knowledge/safety-standard,https://www.bostarcoating.com/knowledge/safety-standard,REDIRECT_301,301,301,200,https://www.bostarcoating.com/knowledge/safety-standard,1,dpl_AJn9W2vkJZ9zWdQHrUAdT7UkHM8h,安全规范 | BOSTAR,https://www.bostarcoating.com/knowledge/safety-standard,"index, follow",zh-CN,PASS,text/html; charset=utf-8,PASS_301,manifest:audit/04-production-url-inventory.csv; deployment:dpl_AJn9W2vkJZ9zWdQHrUAdT7UkHM8h,redirect-chain:301:/knowledge/safety-standard -> 200:/knowledge/safety-standard
https://bostarcoating.com/knowledge/selection-guide,https://www.bostarcoating.com/knowledge/selection-guide,REDIRECT_301,301,301,200,https://www.bostarcoating.com/knowledge/selection-guide,1,dpl_AJn9W2vkJZ9zWdQHrUAdT7UkHM8h,选型指南 | BOSTAR,https://www.bostarcoating.com/knowledge/selection-guide,"index, follow",zh-CN,PASS,text/html; charset=utf-8,PASS_301,manifest:audit/04-production-url-inventory.csv; deployment:dpl_AJn9W2vkJZ9zWdQHrUAdT7UkHM8h,redirect-chain:301:/knowledge/selection-guide -> 200:/knowledge/selection-guide
https://bostarcoating.com/knowledge/selection-guide/how-to-choose-electrostatic-spray-gun,https://www.bostarcoating.com/knowledge/selection-guide/how-to-choose-electrostatic-spray-gun,REDIRECT_301,301,301,200,https://www.bostarcoating.com/knowledge/selection-guide/how-to-choose-electrostatic-spray-gun,1,dpl_AJn9W2vkJZ9zWdQHrUAdT7UkHM8h,静电喷枪怎么选？ | BOSTAR,https://www.bostarcoating.com/knowledge/selection-guide/how-to-choose-electrostatic-spray-gun,"index, follow",zh-CN,PASS,text/html; charset=utf-8,PASS_301,manifest:audit/04-production-url-inventory.csv; deployment:dpl_AJn9W2vkJZ9zWdQHrUAdT7UkHM8h,redirect-chain:301:/knowledge/selection-guide/how-to-choose-electrostatic-spray-gun -> 200:/knowledge/selection-guide/how-to-choose-electrostatic-spray-gun
https://bostarcoating.com/knowledge/selection-guide/manual-powder-gun-selection-guide,https://www.bostarcoating.com/knowledge/selection-guide/manual-powder-gun-selection-guide,REDIRECT_301,301,301,200,https://www.bostarcoating.com/knowledge/selection-guide/manual-powder-gun-selection-guide,1,dpl_AJn9W2vkJZ9zWdQHrUAdT7UkHM8h,手动粉末静电喷枪选型指南 | BOSTAR,https://www.bostarcoating.com/knowledge/selection-guide/manual-powder-gun-selection-guide,"index, follow",zh-CN,PASS,text/html; charset=utf-8,PASS_301,manifest:audit/04-production-url-inventory.csv; deployment:dpl_AJn9W2vkJZ9zWdQHrUAdT7UkHM8h,redirect-chain:301:/knowledge/selection-guide/manual-powder-gun-selection-guide -> 200:/knowledge/selection-guide/manual-powder-gun-selection-guide
https://bostarcoating.com/knowledge/troubleshooting,https://www.bostarcoating.com/knowledge/troubleshooting,REDIRECT_301,301,301,200,https://www.bostarcoating.com/knowledge/troubleshooting,1,dpl_AJn9W2vkJZ9zWdQHrUAdT7UkHM8h,故障排查 | BOSTAR,https://www.bostarcoating.com/knowledge/troubleshooting,"index, follow",zh-CN,PASS,text/html; charset=utf-8,PASS_301,manifest:audit/04-production-url-inventory.csv; deployment:dpl_AJn9W2vkJZ9zWdQHrUAdT7UkHM8h,redirect-chain:301:/knowledge/troubleshooting -> 200:/knowledge/troubleshooting
https://bostarcoating.com/knowledge/troubleshooting/powder-gun-not-picking-powder,https://www.bostarcoating.com/knowledge/troubleshooting/powder-gun-not-picking-powder,REDIRECT_301,301,301,200,https://www.bostarcoating.com/knowledge/troubleshooting/powder-gun-not-picking-powder,1,dpl_AJn9W2vkJZ9zWdQHrUAdT7UkHM8h,静电喷枪不上粉怎么办？ | BOSTAR,https://www.bostarcoating.com/knowledge/troubleshooting/powder-gun-not-picking-powder,"index, follow",zh-CN,PASS,text/html; charset=utf-8,PASS_301,manifest:audit/04-production-url-inventory.csv; deployment:dpl_AJn9W2vkJZ9zWdQHrUAdT7UkHM8h,redirect-chain:301:/knowledge/troubleshooting/powder-gun-not-picking-powder -> 200:/knowledge/troubleshooting/powder-gun-not-picking-powder
https://bostarcoating.com/products,https://www.bostarcoating.com/products,REDIRECT_301,301,301,200,https://www.bostarcoating.com/products,1,dpl_AJn9W2vkJZ9zWdQHrUAdT7UkHM8h,产品中心 | BOSTAR,https://www.bostarcoating.com/products,"index, follow",zh-CN,PASS,text/html; charset=utf-8,PASS_301,manifest:audit/04-production-url-inventory.csv; deployment:dpl_AJn9W2vkJZ9zWdQHrUAdT7UkHM8h,redirect-chain:301:/products -> 200:/products
https://bostarcoating.com/products/Automatic-Electrostatic-Liquid-Spray-Gun,https://www.bostarcoating.com/products/Automatic-Electrostatic-Liquid-Spray-Gun,REDIRECT_301,301,301,200,https://www.bostarcoating.com/products/Automatic-Electrostatic-Liquid-Spray-Gun,1,dpl_AJn9W2vkJZ9zWdQHrUAdT7UkHM8h,自动液体静电喷枪 | BOSTAR,https://www.bostarcoating.com/products/Automatic-Electrostatic-Liquid-Spray-Gun,"index, follow",zh-CN,PASS,text/html; charset=utf-8,PASS_301,manifest:audit/04-production-url-inventory.csv; deployment:dpl_AJn9W2vkJZ9zWdQHrUAdT7UkHM8h,redirect-chain:301:/products/Automatic-Electrostatic-Liquid-Spray-Gun -> 200:/products/Automatic-Electrostatic-Liquid-Spray-Gun
https://bostarcoating.com/products/Automatic-Electrostatic-Liquid-Spray-Gun/bsd-3029-automatic-liquid-electrostatic-spray-gun,https://www.bostarcoating.com/products/Automatic-Electrostatic-Liquid-Spray-Gun/bsd-3029-automatic-liquid-electrostatic-spray-gun,REDIRECT_301,301,301,200,https://www.bostarcoating.com/products/Automatic-Electrostatic-Liquid-Spray-Gun/bsd-3029-automatic-liquid-electrostatic-spray-gun,1,dpl_AJn9W2vkJZ9zWdQHrUAdT7UkHM8h,高性能液体自动静电喷枪控制系统 | BOSTAR,https://www.bostarcoating.com/products/Automatic-Electrostatic-Liquid-Spray-Gun/bsd-3029-automatic-liquid-electrostatic-spray-gun,"index, follow",zh-CN,PASS,text/html; charset=utf-8,PASS_301,manifest:audit/04-production-url-inventory.csv; deployment:dpl_AJn9W2vkJZ9zWdQHrUAdT7UkHM8h,redirect-chain:301:/products/Automatic-Electrostatic-Liquid-Spray-Gun/bsd-3029-automatic-liquid-electrostatic-spray-gun -> 200:/products/Automatic-Electrostatic-Liquid-Spray-Gun/bsd-3029-automatic-liquid-electrostatic-spray-gun
https://bostarcoating.com/products/Automatic-Electrostatic-Powder-Rotary-Bell,https://www.bostarcoating.com/products/Automatic-Electrostatic-Powder-Rotary-Bell,REDIRECT_301,301,301,200,https://www.bostarcoating.com/products/Automatic-Electrostatic-Powder-Rotary-Bell,1,dpl_AJn9W2vkJZ9zWdQHrUAdT7UkHM8h,粉末静电旋杯 | BOSTAR,https://www.bostarcoating.com/products/Automatic-Electrostatic-Powder-Rotary-Bell,"index, follow",zh-CN,PASS,text/html; charset=utf-8,PASS_301,manifest:audit/04-production-url-inventory.csv; deployment:dpl_AJn9W2vkJZ9zWdQHrUAdT7UkHM8h,redirect-chain:301:/products/Automatic-Electrostatic-Powder-Rotary-Bell -> 200:/products/Automatic-Electrostatic-Powder-Rotary-Bell
https://bostarcoating.com/products/Automatic-Electrostatic-Powder-Rotary-Bell/bostar-f18-automatic-powder-electrostatic-rotary-bell,https://www.bostarcoating.com/products/Automatic-Electrostatic-Powder-Rotary-Bell/bostar-f18-automatic-powder-electrostatic-rotary-bell,REDIRECT_301,301,301,200,https://www.bostarcoating.com/products/Automatic-Electrostatic-Powder-Rotary-Bell/bostar-f18-automatic-powder-electrostatic-rotary-bell,1,dpl_AJn9W2vkJZ9zWdQHrUAdT7UkHM8h,粉末静电旋杯 | BOSTAR,https://www.bostarcoating.com/products/Automatic-Electrostatic-Powder-Rotary-Bell/bostar-f18-automatic-powder-electrostatic-rotary-bell,"index, follow",zh-CN,PASS,text/html; charset=utf-8,PASS_301,manifest:audit/04-production-url-inventory.csv; deployment:dpl_AJn9W2vkJZ9zWdQHrUAdT7UkHM8h,redirect-chain:301:/products/Automatic-Electrostatic-Powder-Rotary-Bell/bostar-f18-automatic-powder-electrostatic-rotary-bell -> 200:/products/Automatic-Electrostatic-Powder-Rotary-Bell/bostar-f18-automatic-powder-electrostatic-rotary-bell
https://bostarcoating.com/products/Automatic-Electrostatic-Rotary-Bell-Atomizer,https://www.bostarcoating.com/products/Automatic-Electrostatic-Rotary-Bell-Atomizer,REDIRECT_301,301,301,200,https://www.bostarcoating.com/products/Automatic-Electrostatic-Rotary-Bell-Atomizer,1,dpl_AJn9W2vkJZ9zWdQHrUAdT7UkHM8h,自动静电旋杯 | BOSTAR,https://www.bostarcoating.com/products/Automatic-Electrostatic-Rotary-Bell-Atomizer,"index, follow",zh-CN,PASS,text/html; charset=utf-8,PASS_301,manifest:audit/04-production-url-inventory.csv; deployment:dpl_AJn9W2vkJZ9zWdQHrUAdT7UkHM8h,redirect-chain:301:/products/Automatic-Electrostatic-Rotary-Bell-Atomizer -> 200:/products/Automatic-Electrostatic-Rotary-Bell-Atomizer
https://bostarcoating.com/products/Automatic-Electrostatic-Rotary-Bell-Atomizer/automatic-electrostatic-powder-rotary-bell-bsd-cu300,https://www.bostarcoating.com/products/Automatic-Electrostatic-Rotary-Bell-Atomizer/automatic-electrostatic-powder-rotary-bell-bsd-cu300,REDIRECT_301,301,301,200,https://www.bostarcoating.com/products/Automatic-Electrostatic-Rotary-Bell-Atomizer/automatic-electrostatic-powder-rotary-bell-bsd-cu300,1,dpl_AJn9W2vkJZ9zWdQHrUAdT7UkHM8h,自动粉末静电旋杯 | BOSTAR,https://www.bostarcoating.com/products/Automatic-Electrostatic-Rotary-Bell-Atomizer/automatic-electrostatic-powder-rotary-bell-bsd-cu300,"index, follow",zh-CN,PASS,text/html; charset=utf-8,PASS_301,manifest:audit/04-production-url-inventory.csv; deployment:dpl_AJn9W2vkJZ9zWdQHrUAdT7UkHM8h,redirect-chain:301:/products/Automatic-Electrostatic-Rotary-Bell-Atomizer/automatic-electrostatic-powder-rotary-bell-bsd-cu300 -> 200:/products/Automatic-Electrostatic-Rotary-Bell-Atomizer/automatic-electrostatic-powder-rotary-bell-bsd-cu300
https://bostarcoating.com/products/Automatic-Electrostatic-Rotary-Bell-Atomizer/bell-cup-automatic-electrostatic-coating-system-bsd-3029,https://www.bostarcoating.com/products/Automatic-Electrostatic-Rotary-Bell-Atomizer/bell-cup-automatic-electrostatic-coating-system-bsd-3029,REDIRECT_301,301,301,200,https://www.bostarcoating.com/products/Automatic-Electrostatic-Rotary-Bell-Atomizer/bell-cup-automatic-electrostatic-coating-system-bsd-3029,1,dpl_AJn9W2vkJZ9zWdQHrUAdT7UkHM8h,液体自动静电旋杯 | BOSTAR,https://www.bostarcoating.com/products/Automatic-Electrostatic-Rotary-Bell-Atomizer/bell-cup-automatic-electrostatic-coating-system-bsd-3029,"index, follow",zh-CN,PASS,text/html; charset=utf-8,PASS_301,manifest:audit/04-production-url-inventory.csv; deployment:dpl_AJn9W2vkJZ9zWdQHrUAdT7UkHM8h,redirect-chain:301:/products/Automatic-Electrostatic-Rotary-Bell-Atomizer/bell-cup-automatic-electrostatic-coating-system-bsd-3029 -> 200:/products/Automatic-Electrostatic-Rotary-Bell-Atomizer/bell-cup-automatic-electrostatic-coating-system-bsd-3029
https://bostarcoating.com/products/automatic-powder-spray-gun,https://www.bostarcoating.com/products/automatic-powder-spray-gun,REDIRECT_301,301,301,200,https://www.bostarcoating.com/products/automatic-powder-spray-gun,1,dpl_AJn9W2vkJZ9zWdQHrUAdT7UkHM8h,自动粉末静电喷枪 | BOSTAR,https://www.bostarcoating.com/products/automatic-powder-spray-gun,"index, follow",zh-CN,PASS,text/html; charset=utf-8,PASS_301,manifest:audit/04-production-url-inventory.csv; deployment:dpl_AJn9W2vkJZ9zWdQHrUAdT7UkHM8h,redirect-chain:301:/products/automatic-powder-spray-gun -> 200:/products/automatic-powder-spray-gun
https://bostarcoating.com/products/automatic-powder-spray-gun/automatic-powder-spray-gun,https://www.bostarcoating.com/products/automatic-powder-spray-gun/automatic-powder-spray-gun,REDIRECT_301,301,301,200,https://www.bostarcoating.com/products/automatic-powder-spray-gun/automatic-powder-spray-gun,1,dpl_AJn9W2vkJZ9zWdQHrUAdT7UkHM8h,自动粉末静电喷枪 | BOSTAR,https://www.bostarcoating.com/products/automatic-powder-spray-gun/automatic-powder-spray-gun,"index, follow",zh-CN,PASS,text/html; charset=utf-8,PASS_301,manifest:audit/04-production-url-inventory.csv; deployment:dpl_AJn9W2vkJZ9zWdQHrUAdT7UkHM8h,redirect-chain:301:/products/automatic-powder-spray-gun/automatic-powder-spray-gun -> 200:/products/automatic-powder-spray-gun/automatic-powder-spray-gun
https://bostarcoating.com/products/automation-equipment,https://www.bostarcoating.com/products/automation-equipment,REDIRECT_301,301,301,200,https://www.bostarcoating.com/products/automation-equipment,1,dpl_AJn9W2vkJZ9zWdQHrUAdT7UkHM8h,涂装自动化设备 | BOSTAR,https://www.bostarcoating.com/products/automation-equipment,"index, follow",zh-CN,PASS,text/html; charset=utf-8,PASS_301,manifest:audit/04-production-url-inventory.csv; deployment:dpl_AJn9W2vkJZ9zWdQHrUAdT7UkHM8h,redirect-chain:301:/products/automation-equipment -> 200:/products/automation-equipment
https://bostarcoating.com/products/electrostatic-flocking-machine,https://www.bostarcoating.com/products/electrostatic-flocking-machine,REDIRECT_301,301,301,200,https://www.bostarcoating.com/products/electrostatic-flocking-machine,1,dpl_AJn9W2vkJZ9zWdQHrUAdT7UkHM8h,静电喷绒机 | BOSTAR,https://www.bostarcoating.com/products/electrostatic-flocking-machine,"index, follow",zh-CN,PASS,text/html; charset=utf-8,PASS_301,manifest:audit/04-production-url-inventory.csv; deployment:dpl_AJn9W2vkJZ9zWdQHrUAdT7UkHM8h,redirect-chain:301:/products/electrostatic-flocking-machine -> 200:/products/electrostatic-flocking-machine
https://bostarcoating.com/products/electrostatic-flocking-machine/manual-electrostatic-flocking-velvet-spraying-machine,https://www.bostarcoating.com/products/electrostatic-flocking-machine/manual-electrostatic-flocking-velvet-spraying-machine,REDIRECT_301,301,301,200,https://www.bostarcoating.com/products/electrostatic-flocking-machine/manual-electrostatic-flocking-velvet-spraying-machine,1,dpl_AJn9W2vkJZ9zWdQHrUAdT7UkHM8h,手动静电喷绒机 | BOSTAR,https://www.bostarcoating.com/products/electrostatic-flocking-machine/manual-electrostatic-flocking-velvet-spraying-machine,"index, follow",zh-CN,PASS,text/html; charset=utf-8,PASS_301,manifest:audit/04-production-url-inventory.csv; deployment:dpl_AJn9W2vkJZ9zWdQHrUAdT7UkHM8h,redirect-chain:301:/products/electrostatic-flocking-machine/manual-electrostatic-flocking-velvet-spraying-machine -> 200:/products/electrostatic-flocking-machine/manual-electrostatic-flocking-velvet-spraying-machine
https://bostarcoating.com/products/electrostatic-rotary-bell-system,https://www.bostarcoating.com/products/electrostatic-rotary-bell-system,REDIRECT_301,301,301,200,https://www.bostarcoating.com/products/electrostatic-rotary-bell-system,1,dpl_AJn9W2vkJZ9zWdQHrUAdT7UkHM8h,DISK 静电旋碟喷涂系统 | BOSTAR,https://www.bostarcoating.com/products/electrostatic-rotary-bell-system,"index, follow",zh-CN,PASS,text/html; charset=utf-8,PASS_301,manifest:audit/04-production-url-inventory.csv; deployment:dpl_AJn9W2vkJZ9zWdQHrUAdT7UkHM8h,redirect-chain:301:/products/electrostatic-rotary-bell-system -> 200:/products/electrostatic-rotary-bell-system
https://bostarcoating.com/products/electrostatic-rotary-bell-system/disk-automatic-electrostatic-coating-system,https://www.bostarcoating.com/products/electrostatic-rotary-bell-system/disk-automatic-electrostatic-coating-system,REDIRECT_301,301,301,200,https://www.bostarcoating.com/products/electrostatic-rotary-bell-system/disk-automatic-electrostatic-coating-system,1,dpl_AJn9W2vkJZ9zWdQHrUAdT7UkHM8h,DISK碟式静电喷涂系统 | BOSTAR,https://www.bostarcoating.com/products/electrostatic-rotary-bell-system/disk-automatic-electrostatic-coating-system,"index, follow",zh-CN,PASS,text/html; charset=utf-8,PASS_301,manifest:audit/04-production-url-inventory.csv; deployment:dpl_AJn9W2vkJZ9zWdQHrUAdT7UkHM8h,redirect-chain:301:/products/electrostatic-rotary-bell-system/disk-automatic-electrostatic-coating-system -> 200:/products/electrostatic-rotary-bell-system/disk-automatic-electrostatic-coating-system
https://bostarcoating.com/products/High-Pressure-Airless-Spraying-Equipment,https://www.bostarcoating.com/products/High-Pressure-Airless-Spraying-Equipment,REDIRECT_301,301,301,200,https://www.bostarcoating.com/products/High-Pressure-Airless-Spraying-Equipment,1,dpl_AJn9W2vkJZ9zWdQHrUAdT7UkHM8h,高压无气喷涂设备 | BOSTAR,https://www.bostarcoating.com/products/High-Pressure-Airless-Spraying-Equipment,"index, follow",zh-CN,PASS,text/html; charset=utf-8,PASS_301,manifest:audit/04-production-url-inventory.csv; deployment:dpl_AJn9W2vkJZ9zWdQHrUAdT7UkHM8h,redirect-chain:301:/products/High-Pressure-Airless-Spraying-Equipment -> 200:/products/High-Pressure-Airless-Spraying-Equipment
https://bostarcoating.com/products/Manual-Electrostatic-Liquid-Spray-Gun,https://www.bostarcoating.com/products/Manual-Electrostatic-Liquid-Spray-Gun,REDIRECT_301,301,301,200,https://www.bostarcoating.com/products/Manual-Electrostatic-Liquid-Spray-Gun,1,dpl_AJn9W2vkJZ9zWdQHrUAdT7UkHM8h,手动液体静电喷枪 | BOSTAR,https://www.bostarcoating.com/products/Manual-Electrostatic-Liquid-Spray-Gun,"index, follow",zh-CN,PASS,text/html; charset=utf-8,PASS_301,manifest:audit/04-production-url-inventory.csv; deployment:dpl_AJn9W2vkJZ9zWdQHrUAdT7UkHM8h,redirect-chain:301:/products/Manual-Electrostatic-Liquid-Spray-Gun -> 200:/products/Manual-Electrostatic-Liquid-Spray-Gun
https://bostarcoating.com/products/Manual-Electrostatic-Liquid-Spray-Gun/bsd-3009a-manual-liquid-electrostatic-spray-gun,https://www.bostarcoating.com/products/Manual-Electrostatic-Liquid-Spray-Gun/bsd-3009a-manual-liquid-electrostatic-spray-gun,REDIRECT_301,301,301,200,https://www.bostarcoating.com/products/Manual-Electrostatic-Liquid-Spray-Gun/bsd-3009a-manual-liquid-electrostatic-spray-gun,1,dpl_AJn9W2vkJZ9zWdQHrUAdT7UkHM8h,手动液体静电喷枪 (水油通用系列) | BOSTAR,https://www.bostarcoating.com/products/Manual-Electrostatic-Liquid-Spray-Gun/bsd-3009a-manual-liquid-electrostatic-spray-gun,"index, follow",zh-CN,PASS,text/html; charset=utf-8,PASS_301,manifest:audit/04-production-url-inventory.csv; deployment:dpl_AJn9W2vkJZ9zWdQHrUAdT7UkHM8h,redirect-chain:301:/products/Manual-Electrostatic-Liquid-Spray-Gun/bsd-3009a-manual-liquid-electrostatic-spray-gun -> 200:/products/Manual-Electrostatic-Liquid-Spray-Gun/bsd-3009a-manual-liquid-electrostatic-spray-gun
https://bostarcoating.com/products/Manual-Electrostatic-Liquid-Spray-Gun/manual-liquid-electrostatic-spray-gun,https://www.bostarcoating.com/products/Manual-Electrostatic-Liquid-Spray-Gun/manual-liquid-electrostatic-spray-gun,REDIRECT_301,301,301,200,https://www.bostarcoating.com/products/Manual-Electrostatic-Liquid-Spray-Gun/manual-liquid-electrostatic-spray-gun,1,dpl_AJn9W2vkJZ9zWdQHrUAdT7UkHM8h,手动液体静电喷枪 | BOSTAR,https://www.bostarcoating.com/products/Manual-Electrostatic-Liquid-Spray-Gun/manual-liquid-electrostatic-spray-gun,"index, follow",zh-CN,PASS,text/html; charset=utf-8,PASS_301,manifest:audit/04-production-url-inventory.csv; deployment:dpl_AJn9W2vkJZ9zWdQHrUAdT7UkHM8h,redirect-chain:301:/products/Manual-Electrostatic-Liquid-Spray-Gun/manual-liquid-electrostatic-spray-gun -> 200:/products/Manual-Electrostatic-Liquid-Spray-Gun/manual-liquid-electrostatic-spray-gun
https://bostarcoating.com/products/manual-powder-coating-gun,https://www.bostarcoating.com/products/manual-powder-coating-gun,REDIRECT_301,301,301,200,https://www.bostarcoating.com/products/manual-powder-coating-gun,1,dpl_AJn9W2vkJZ9zWdQHrUAdT7UkHM8h,手动粉末静电喷枪 | BOSTAR,https://www.bostarcoating.com/products/manual-powder-coating-gun,"index, follow",zh-CN,PASS,text/html; charset=utf-8,PASS_301,manifest:audit/04-production-url-inventory.csv; deployment:dpl_AJn9W2vkJZ9zWdQHrUAdT7UkHM8h,redirect-chain:301:/products/manual-powder-coating-gun -> 200:/products/manual-powder-coating-gun
https://bostarcoating.com/products/manual-powder-coating-gun/manual-electrostatic-powder-spray-gun,https://www.bostarcoating.com/products/manual-powder-coating-gun/manual-electrostatic-powder-spray-gun,REDIRECT_301,301,301,200,https://www.bostarcoating.com/products/manual-powder-coating-gun/manual-electrostatic-powder-spray-gun,1,dpl_AJn9W2vkJZ9zWdQHrUAdT7UkHM8h,手动粉末静电喷枪 | BOSTAR,https://www.bostarcoating.com/products/manual-powder-coating-gun/manual-electrostatic-powder-spray-gun,"index, follow",zh-CN,PASS,text/html; charset=utf-8,PASS_301,manifest:audit/04-production-url-inventory.csv; deployment:dpl_AJn9W2vkJZ9zWdQHrUAdT7UkHM8h,redirect-chain:301:/products/manual-powder-coating-gun/manual-electrostatic-powder-spray-gun -> 200:/products/manual-powder-coating-gun/manual-electrostatic-powder-spray-gun
https://bostarcoating.com/products/manual-powder-coating-gun/manual-electrostatic-powder-spray-gun-bsd-f22,https://www.bostarcoating.com/products/manual-powder-coating-gun/manual-electrostatic-powder-spray-gun-bsd-f22,REDIRECT_301,301,301,200,https://www.bostarcoating.com/products/manual-powder-coating-gun/manual-electrostatic-powder-spray-gun-bsd-f22,1,dpl_AJn9W2vkJZ9zWdQHrUAdT7UkHM8h,手动粉末静电喷枪 | BOSTAR,https://www.bostarcoating.com/products/manual-powder-coating-gun/manual-electrostatic-powder-spray-gun-bsd-f22,"index, follow",zh-CN,PASS,text/html; charset=utf-8,PASS_301,manifest:audit/04-production-url-inventory.csv; deployment:dpl_AJn9W2vkJZ9zWdQHrUAdT7UkHM8h,redirect-chain:301:/products/manual-powder-coating-gun/manual-electrostatic-powder-spray-gun-bsd-f22 -> 200:/products/manual-powder-coating-gun/manual-electrostatic-powder-spray-gun-bsd-f22
https://bostarcoating.com/products/manual-powder-coating-gun/manual-powder-spray-gun,https://www.bostarcoating.com/products/manual-powder-coating-gun/manual-powder-spray-gun,REDIRECT_301,301,301,200,https://www.bostarcoating.com/products/manual-powder-coating-gun/manual-powder-spray-gun,1,dpl_AJn9W2vkJZ9zWdQHrUAdT7UkHM8h,手动粉末静电喷枪 | BOSTAR,https://www.bostarcoating.com/products/manual-powder-coating-gun/manual-powder-spray-gun,"index, follow",zh-CN,PASS,text/html; charset=utf-8,PASS_301,manifest:audit/04-production-url-inventory.csv; deployment:dpl_AJn9W2vkJZ9zWdQHrUAdT7UkHM8h,redirect-chain:301:/products/manual-powder-coating-gun/manual-powder-spray-gun -> 200:/products/manual-powder-coating-gun/manual-powder-spray-gun
https://bostarcoating.com/products/manual-powder-coating-gun/powder-coating-gun,https://www.bostarcoating.com/products/manual-powder-coating-gun/powder-coating-gun,REDIRECT_301,301,301,200,https://www.bostarcoating.com/products/manual-powder-coating-gun/powder-coating-gun,1,dpl_AJn9W2vkJZ9zWdQHrUAdT7UkHM8h,手动粉末静电喷枪 | BOSTAR,https://www.bostarcoating.com/products/manual-powder-coating-gun/powder-coating-gun,"index, follow",zh-CN,PASS,text/html; charset=utf-8,PASS_301,manifest:audit/04-production-url-inventory.csv; deployment:dpl_AJn9W2vkJZ9zWdQHrUAdT7UkHM8h,redirect-chain:301:/products/manual-powder-coating-gun/powder-coating-gun -> 200:/products/manual-powder-coating-gun/powder-coating-gun
https://bostarcoating.com/products/spray-gun-accessories,https://www.bostarcoating.com/products/spray-gun-accessories,REDIRECT_301,301,301,200,https://www.bostarcoating.com/products/spray-gun-accessories,1,dpl_AJn9W2vkJZ9zWdQHrUAdT7UkHM8h,喷枪配件 | BOSTAR,https://www.bostarcoating.com/products/spray-gun-accessories,"index, follow",zh-CN,PASS,text/html; charset=utf-8,PASS_301,manifest:audit/04-production-url-inventory.csv; deployment:dpl_AJn9W2vkJZ9zWdQHrUAdT7UkHM8h,redirect-chain:301:/products/spray-gun-accessories -> 200:/products/spray-gun-accessories
https://bostarcoating.com/products/spray-gun-accessories/manual-powder-electrostatic-spray-gun-led-light-kit,https://www.bostarcoating.com/products/spray-gun-accessories/manual-powder-electrostatic-spray-gun-led-light-kit,REDIRECT_301,301,301,200,https://www.bostarcoating.com/products/spray-gun-accessories/manual-powder-electrostatic-spray-gun-led-light-kit,1,dpl_AJn9W2vkJZ9zWdQHrUAdT7UkHM8h,手动粉末静电喷枪专用LED强光照明与缺陷检测灯套件 | BOSTAR,https://www.bostarcoating.com/products/spray-gun-accessories/manual-powder-electrostatic-spray-gun-led-light-kit,"index, follow",zh-CN,PASS,text/html; charset=utf-8,PASS_301,manifest:audit/04-production-url-inventory.csv; deployment:dpl_AJn9W2vkJZ9zWdQHrUAdT7UkHM8h,redirect-chain:301:/products/spray-gun-accessories/manual-powder-electrostatic-spray-gun-led-light-kit -> 200:/products/spray-gun-accessories/manual-powder-electrostatic-spray-gun-led-light-kit
https://bostarcoating.com/products/Testing-Instruments,https://www.bostarcoating.com/products/Testing-Instruments,REDIRECT_301,301,301,200,https://www.bostarcoating.com/products/Testing-Instruments,1,dpl_AJn9W2vkJZ9zWdQHrUAdT7UkHM8h,检测仪器与配件 | BOSTAR,https://www.bostarcoating.com/products/Testing-Instruments,"index, follow",zh-CN,PASS,text/html; charset=utf-8,PASS_301,manifest:audit/04-production-url-inventory.csv; deployment:dpl_AJn9W2vkJZ9zWdQHrUAdT7UkHM8h,redirect-chain:301:/products/Testing-Instruments -> 200:/products/Testing-Instruments
https://bostarcoating.com/products/Testing-Instruments/paint-resistance-tester-zk815,https://www.bostarcoating.com/products/Testing-Instruments/paint-resistance-tester-zk815,REDIRECT_301,301,301,200,https://www.bostarcoating.com/products/Testing-Instruments/paint-resistance-tester-zk815,1,dpl_AJn9W2vkJZ9zWdQHrUAdT7UkHM8h,油漆电阻测试仪 | BOSTAR,https://www.bostarcoating.com/products/Testing-Instruments/paint-resistance-tester-zk815,"index, follow",zh-CN,PASS,text/html; charset=utf-8,PASS_301,manifest:audit/04-production-url-inventory.csv; deployment:dpl_AJn9W2vkJZ9zWdQHrUAdT7UkHM8h,redirect-chain:301:/products/Testing-Instruments/paint-resistance-tester-zk815 -> 200:/products/Testing-Instruments/paint-resistance-tester-zk815
https://bostarcoating.com/sample-download.pdf,https://www.bostarcoating.com/sample-download.pdf,REDIRECT_301,301,301,404,https://www.bostarcoating.com/sample-download.pdf,1,dpl_AJn9W2vkJZ9zWdQHrUAdT7UkHM8h,博士达静电喷涂设备官网_智能液体粉体涂装系统_高速静电旋杯厂家BOSTAR,https://www.bostarcoating.com,noindex,zh-CN,ERROR,text/html; charset=utf-8,BUSINESS_REVIEW_REQUIRED,manifest:audit/04-production-url-inventory.csv; deployment:dpl_AJn9W2vkJZ9zWdQHrUAdT7UkHM8h,redirect-chain:301:/sample-download.pdf -> 404:/sample-download.pdf
https://bostarcoating.com/solutions,https://www.bostarcoating.com/solutions,REDIRECT_301,301,301,200,https://www.bostarcoating.com/solutions,1,dpl_AJn9W2vkJZ9zWdQHrUAdT7UkHM8h,解决方案 | BOSTAR,https://www.bostarcoating.com/solutions,"index, follow",zh-CN,PASS,text/html; charset=utf-8,PASS_301,manifest:audit/04-production-url-inventory.csv; deployment:dpl_AJn9W2vkJZ9zWdQHrUAdT7UkHM8h,redirect-chain:301:/solutions -> 200:/solutions
https://bostarcoating.com/solutions/aluminum-profile-powder-coating,https://www.bostarcoating.com/solutions/aluminum-profile-powder-coating,REDIRECT_301,301,301,200,https://www.bostarcoating.com/solutions/aluminum-profile-powder-coating,1,dpl_AJn9W2vkJZ9zWdQHrUAdT7UkHM8h,aluminum-profile-powder-coating 解决方案 | BOSTAR,https://www.bostarcoating.com/solutions/aluminum-profile-powder-coating,"index, follow",zh-CN,PASS,text/html; charset=utf-8,PASS_301,manifest:audit/04-production-url-inventory.csv; deployment:dpl_AJn9W2vkJZ9zWdQHrUAdT7UkHM8h,redirect-chain:301:/solutions/aluminum-profile-powder-coating -> 200:/solutions/aluminum-profile-powder-coating
https://bostarcoating.com/solutions/auto-parts-coating,https://www.bostarcoating.com/solutions/auto-parts-coating,REDIRECT_301,301,301,200,https://www.bostarcoating.com/solutions/auto-parts-coating,1,dpl_AJn9W2vkJZ9zWdQHrUAdT7UkHM8h,auto-parts-coating 解决方案 | BOSTAR,https://www.bostarcoating.com/solutions/auto-parts-coating,"index, follow",zh-CN,PASS,text/html; charset=utf-8,PASS_301,manifest:audit/04-production-url-inventory.csv; deployment:dpl_AJn9W2vkJZ9zWdQHrUAdT7UkHM8h,redirect-chain:301:/solutions/auto-parts-coating -> 200:/solutions/auto-parts-coating
https://bostarcoating.com/solutions/automatic-coating-line,https://www.bostarcoating.com/solutions/automatic-coating-line,REDIRECT_301,301,301,200,https://www.bostarcoating.com/solutions/automatic-coating-line,1,dpl_AJn9W2vkJZ9zWdQHrUAdT7UkHM8h,automatic-coating-line 解决方案 | BOSTAR,https://www.bostarcoating.com/solutions/automatic-coating-line,"index, follow",zh-CN,PASS,text/html; charset=utf-8,PASS_301,manifest:audit/04-production-url-inventory.csv; deployment:dpl_AJn9W2vkJZ9zWdQHrUAdT7UkHM8h,redirect-chain:301:/solutions/automatic-coating-line -> 200:/solutions/automatic-coating-line
https://bostarcoating.com/solutions/cabinet-powder-coating,https://www.bostarcoating.com/solutions/cabinet-powder-coating,REDIRECT_301,301,301,200,https://www.bostarcoating.com/solutions/cabinet-powder-coating,1,dpl_AJn9W2vkJZ9zWdQHrUAdT7UkHM8h,cabinet-powder-coating 解决方案 | BOSTAR,https://www.bostarcoating.com/solutions/cabinet-powder-coating,"index, follow",zh-CN,PASS,text/html; charset=utf-8,PASS_301,manifest:audit/04-production-url-inventory.csv; deployment:dpl_AJn9W2vkJZ9zWdQHrUAdT7UkHM8h,redirect-chain:301:/solutions/cabinet-powder-coating -> 200:/solutions/cabinet-powder-coating
https://bostarcoating.com/solutions/furniture-hardware-coating,https://www.bostarcoating.com/solutions/furniture-hardware-coating,REDIRECT_301,301,301,200,https://www.bostarcoating.com/solutions/furniture-hardware-coating,1,dpl_AJn9W2vkJZ9zWdQHrUAdT7UkHM8h,furniture-hardware-coating 解决方案 | BOSTAR,https://www.bostarcoating.com/solutions/furniture-hardware-coating,"index, follow",zh-CN,PASS,text/html; charset=utf-8,PASS_301,manifest:audit/04-production-url-inventory.csv; deployment:dpl_AJn9W2vkJZ9zWdQHrUAdT7UkHM8h,redirect-chain:301:/solutions/furniture-hardware-coating -> 200:/solutions/furniture-hardware-coating
https://bostarcoating.com/solutions/hardware-powder-coating,https://www.bostarcoating.com/solutions/hardware-powder-coating,REDIRECT_301,301,301,200,https://www.bostarcoating.com/solutions/hardware-powder-coating,1,dpl_AJn9W2vkJZ9zWdQHrUAdT7UkHM8h,hardware-powder-coating 解决方案 | BOSTAR,https://www.bostarcoating.com/solutions/hardware-powder-coating,"index, follow",zh-CN,PASS,text/html; charset=utf-8,PASS_301,manifest:audit/04-production-url-inventory.csv; deployment:dpl_AJn9W2vkJZ9zWdQHrUAdT7UkHM8h,redirect-chain:301:/solutions/hardware-powder-coating -> 200:/solutions/hardware-powder-coating
https://bostarcoating.com/solutions/lab-sample-coating,https://www.bostarcoating.com/solutions/lab-sample-coating,REDIRECT_301,301,301,200,https://www.bostarcoating.com/solutions/lab-sample-coating,1,dpl_AJn9W2vkJZ9zWdQHrUAdT7UkHM8h,lab-sample-coating 解决方案 | BOSTAR,https://www.bostarcoating.com/solutions/lab-sample-coating,"index, follow",zh-CN,PASS,text/html; charset=utf-8,PASS_301,manifest:audit/04-production-url-inventory.csv; deployment:dpl_AJn9W2vkJZ9zWdQHrUAdT7UkHM8h,redirect-chain:301:/solutions/lab-sample-coating -> 200:/solutions/lab-sample-coating
https://www.bostarcoating.com/,https://www.bostarcoating.com/,KEEP_200,200,200,200,https://www.bostarcoating.com/,0,dpl_AJn9W2vkJZ9zWdQHrUAdT7UkHM8h,博士达静电喷涂设备官网_智能液体粉体涂装系统_高速静电旋杯厂家BOSTAR,https://www.bostarcoating.com,"index, follow",zh-CN,PASS,text/html; charset=utf-8,PASS_200,manifest:audit/04-production-url-inventory.csv; deployment:dpl_AJn9W2vkJZ9zWdQHrUAdT7UkHM8h,
https://www.bostarcoating.com/about,https://www.bostarcoating.com/about,KEEP_200,200,200,200,https://www.bostarcoating.com/about,0,dpl_AJn9W2vkJZ9zWdQHrUAdT7UkHM8h,关于博士达 | BOSTAR,https://www.bostarcoating.com/about,"index, follow",zh-CN,PASS,text/html; charset=utf-8,PASS_200,manifest:audit/04-production-url-inventory.csv; deployment:dpl_AJn9W2vkJZ9zWdQHrUAdT7UkHM8h,
https://www.bostarcoating.com/cases,https://www.bostarcoating.com/cases,KEEP_200,200,200,200,https://www.bostarcoating.com/cases,0,dpl_AJn9W2vkJZ9zWdQHrUAdT7UkHM8h,案例中心 | BOSTAR,https://www.bostarcoating.com/cases,"index, follow",zh-CN,PASS,text/html; charset=utf-8,PASS_200,manifest:audit/04-production-url-inventory.csv; deployment:dpl_AJn9W2vkJZ9zWdQHrUAdT7UkHM8h,
https://www.bostarcoating.com/contact,https://www.bostarcoating.com/contact,KEEP_200,200,200,200,https://www.bostarcoating.com/contact,0,dpl_AJn9W2vkJZ9zWdQHrUAdT7UkHM8h,联系我们 | BOSTAR,https://www.bostarcoating.com/contact,"index, follow",zh-CN,PASS,text/html; charset=utf-8,PASS_200,manifest:audit/04-production-url-inventory.csv; deployment:dpl_AJn9W2vkJZ9zWdQHrUAdT7UkHM8h,
https://www.bostarcoating.com/downloads,https://www.bostarcoating.com/downloads,KEEP_200,200,200,200,https://www.bostarcoating.com/downloads,0,dpl_AJn9W2vkJZ9zWdQHrUAdT7UkHM8h,资料下载 | BOSTAR,https://www.bostarcoating.com/downloads,"index, follow",zh-CN,PASS,text/html; charset=utf-8,PASS_200,manifest:audit/04-production-url-inventory.csv; deployment:dpl_AJn9W2vkJZ9zWdQHrUAdT7UkHM8h,
https://www.bostarcoating.com/downloads/controller-manual,https://www.bostarcoating.com/downloads/controller-manual,KEEP_200,200,200,200,https://www.bostarcoating.com/downloads/controller-manual,0,dpl_AJn9W2vkJZ9zWdQHrUAdT7UkHM8h,静电喷涂控制器说明书 | BOSTAR,https://www.bostarcoating.com/downloads/controller-manual,"index, follow",zh-CN,PASS,text/html; charset=utf-8,PASS_200,manifest:audit/04-production-url-inventory.csv; deployment:dpl_AJn9W2vkJZ9zWdQHrUAdT7UkHM8h,
https://www.bostarcoating.com/downloads/disk-system-sheet,https://www.bostarcoating.com/downloads/disk-system-sheet,KEEP_200,200,200,200,https://www.bostarcoating.com/downloads/disk-system-sheet,0,dpl_AJn9W2vkJZ9zWdQHrUAdT7UkHM8h,DISK 静电旋碟系统资料 | BOSTAR,https://www.bostarcoating.com/downloads/disk-system-sheet,"index, follow",zh-CN,PASS,text/html; charset=utf-8,PASS_200,manifest:audit/04-production-url-inventory.csv; deployment:dpl_AJn9W2vkJZ9zWdQHrUAdT7UkHM8h,
https://www.bostarcoating.com/downloads/maintenance-guide,https://www.bostarcoating.com/downloads/maintenance-guide,KEEP_200,200,200,200,https://www.bostarcoating.com/downloads/maintenance-guide,0,dpl_AJn9W2vkJZ9zWdQHrUAdT7UkHM8h,喷枪日常维护指南 | BOSTAR,https://www.bostarcoating.com/downloads/maintenance-guide,"index, follow",zh-CN,PASS,text/html; charset=utf-8,PASS_200,manifest:audit/04-production-url-inventory.csv; deployment:dpl_AJn9W2vkJZ9zWdQHrUAdT7UkHM8h,
https://www.bostarcoating.com/downloads/powder-gun-catalog,https://www.bostarcoating.com/downloads/powder-gun-catalog,KEEP_200,200,200,200,https://www.bostarcoating.com/downloads/powder-gun-catalog,0,dpl_AJn9W2vkJZ9zWdQHrUAdT7UkHM8h,粉末静电喷枪产品画册 | BOSTAR,https://www.bostarcoating.com/downloads/powder-gun-catalog,"index, follow",zh-CN,PASS,text/html; charset=utf-8,PASS_200,manifest:audit/04-production-url-inventory.csv; deployment:dpl_AJn9W2vkJZ9zWdQHrUAdT7UkHM8h,
https://www.bostarcoating.com/downloads/troubleshooting-checklist,https://www.bostarcoating.com/downloads/troubleshooting-checklist,KEEP_200,200,200,200,https://www.bostarcoating.com/downloads/troubleshooting-checklist,0,dpl_AJn9W2vkJZ9zWdQHrUAdT7UkHM8h,喷涂故障排查清单 | BOSTAR,https://www.bostarcoating.com/downloads/troubleshooting-checklist,"index, follow",zh-CN,PASS,text/html; charset=utf-8,PASS_200,manifest:audit/04-production-url-inventory.csv; deployment:dpl_AJn9W2vkJZ9zWdQHrUAdT7UkHM8h,
https://www.bostarcoating.com/faq,https://www.bostarcoating.com/faq,KEEP_200,200,200,200,https://www.bostarcoating.com/faq,0,dpl_AJn9W2vkJZ9zWdQHrUAdT7UkHM8h,FAQ 常见问题 | BOSTAR,https://www.bostarcoating.com/faq,"index, follow",zh-CN,PASS,text/html; charset=utf-8,PASS_200,manifest:audit/04-production-url-inventory.csv; deployment:dpl_AJn9W2vkJZ9zWdQHrUAdT7UkHM8h,
https://www.bostarcoating.com/knowledge,https://www.bostarcoating.com/knowledge,KEEP_200,200,200,200,https://www.bostarcoating.com/knowledge,0,dpl_AJn9W2vkJZ9zWdQHrUAdT7UkHM8h,知识中心 | BOSTAR,https://www.bostarcoating.com/knowledge,"index, follow",zh-CN,PASS,text/html; charset=utf-8,PASS_200,manifest:audit/04-production-url-inventory.csv; deployment:dpl_AJn9W2vkJZ9zWdQHrUAdT7UkHM8h,
https://www.bostarcoating.com/knowledge/faq,https://www.bostarcoating.com/knowledge/faq,KEEP_200,200,200,200,https://www.bostarcoating.com/knowledge/faq,0,dpl_AJn9W2vkJZ9zWdQHrUAdT7UkHM8h,常见问题 | BOSTAR,https://www.bostarcoating.com/knowledge/faq,"index, follow",zh-CN,PASS,text/html; charset=utf-8,PASS_200,manifest:audit/04-production-url-inventory.csv; deployment:dpl_AJn9W2vkJZ9zWdQHrUAdT7UkHM8h,
https://www.bostarcoating.com/knowledge/industry-encyclopedia,https://www.bostarcoating.com/knowledge/industry-encyclopedia,KEEP_200,200,200,200,https://www.bostarcoating.com/knowledge/industry-encyclopedia,0,dpl_AJn9W2vkJZ9zWdQHrUAdT7UkHM8h,行业百科 | BOSTAR,https://www.bostarcoating.com/knowledge/industry-encyclopedia,"index, follow",zh-CN,PASS,text/html; charset=utf-8,PASS_200,manifest:audit/04-production-url-inventory.csv; deployment:dpl_AJn9W2vkJZ9zWdQHrUAdT7UkHM8h,
https://www.bostarcoating.com/knowledge/operation-maintenance,https://www.bostarcoating.com/knowledge/operation-maintenance,KEEP_200,200,200,200,https://www.bostarcoating.com/knowledge/operation-maintenance,0,dpl_AJn9W2vkJZ9zWdQHrUAdT7UkHM8h,操作维护 | BOSTAR,https://www.bostarcoating.com/knowledge/operation-maintenance,"index, follow",zh-CN,PASS,text/html; charset=utf-8,PASS_200,manifest:audit/04-production-url-inventory.csv; deployment:dpl_AJn9W2vkJZ9zWdQHrUAdT7UkHM8h,
https://www.bostarcoating.com/knowledge/process-knowledge,https://www.bostarcoating.com/knowledge/process-knowledge,KEEP_200,200,200,200,https://www.bostarcoating.com/knowledge/process-knowledge,0,dpl_AJn9W2vkJZ9zWdQHrUAdT7UkHM8h,工艺知识 | BOSTAR,https://www.bostarcoating.com/knowledge/process-knowledge,"index, follow",zh-CN,PASS,text/html; charset=utf-8,PASS_200,manifest:audit/04-production-url-inventory.csv; deployment:dpl_AJn9W2vkJZ9zWdQHrUAdT7UkHM8h,
https://www.bostarcoating.com/knowledge/process-knowledge/adjust-spray-voltage,https://www.bostarcoating.com/knowledge/process-knowledge/adjust-spray-voltage,KEEP_200,200,200,200,https://www.bostarcoating.com/knowledge/process-knowledge/adjust-spray-voltage,0,dpl_AJn9W2vkJZ9zWdQHrUAdT7UkHM8h,静电喷涂电压怎么调？ | BOSTAR,https://www.bostarcoating.com/knowledge/process-knowledge/adjust-spray-voltage,"index, follow",zh-CN,PASS,text/html; charset=utf-8,PASS_200,manifest:audit/04-production-url-inventory.csv; deployment:dpl_AJn9W2vkJZ9zWdQHrUAdT7UkHM8h,
https://www.bostarcoating.com/knowledge/product-comparison,https://www.bostarcoating.com/knowledge/product-comparison,KEEP_200,200,200,200,https://www.bostarcoating.com/knowledge/product-comparison,0,dpl_AJn9W2vkJZ9zWdQHrUAdT7UkHM8h,产品对比 | BOSTAR,https://www.bostarcoating.com/knowledge/product-comparison,"index, follow",zh-CN,PASS,text/html; charset=utf-8,PASS_200,manifest:audit/04-production-url-inventory.csv; deployment:dpl_AJn9W2vkJZ9zWdQHrUAdT7UkHM8h,
https://www.bostarcoating.com/knowledge/safety-standard,https://www.bostarcoating.com/knowledge/safety-standard,KEEP_200,200,200,200,https://www.bostarcoating.com/knowledge/safety-standard,0,dpl_AJn9W2vkJZ9zWdQHrUAdT7UkHM8h,安全规范 | BOSTAR,https://www.bostarcoating.com/knowledge/safety-standard,"index, follow",zh-CN,PASS,text/html; charset=utf-8,PASS_200,manifest:audit/04-production-url-inventory.csv; deployment:dpl_AJn9W2vkJZ9zWdQHrUAdT7UkHM8h,
https://www.bostarcoating.com/knowledge/selection-guide,https://www.bostarcoating.com/knowledge/selection-guide,KEEP_200,200,200,200,https://www.bostarcoating.com/knowledge/selection-guide,0,dpl_AJn9W2vkJZ9zWdQHrUAdT7UkHM8h,选型指南 | BOSTAR,https://www.bostarcoating.com/knowledge/selection-guide,"index, follow",zh-CN,PASS,text/html; charset=utf-8,PASS_200,manifest:audit/04-production-url-inventory.csv; deployment:dpl_AJn9W2vkJZ9zWdQHrUAdT7UkHM8h,
https://www.bostarcoating.com/knowledge/selection-guide/how-to-choose-electrostatic-spray-gun,https://www.bostarcoating.com/knowledge/selection-guide/how-to-choose-electrostatic-spray-gun,KEEP_200,200,200,200,https://www.bostarcoating.com/knowledge/selection-guide/how-to-choose-electrostatic-spray-gun,0,dpl_AJn9W2vkJZ9zWdQHrUAdT7UkHM8h,静电喷枪怎么选？ | BOSTAR,https://www.bostarcoating.com/knowledge/selection-guide/how-to-choose-electrostatic-spray-gun,"index, follow",zh-CN,PASS,text/html; charset=utf-8,PASS_200,manifest:audit/04-production-url-inventory.csv; deployment:dpl_AJn9W2vkJZ9zWdQHrUAdT7UkHM8h,
https://www.bostarcoating.com/knowledge/selection-guide/manual-powder-gun-selection-guide,https://www.bostarcoating.com/knowledge/selection-guide/manual-powder-gun-selection-guide,KEEP_200,200,200,200,https://www.bostarcoating.com/knowledge/selection-guide/manual-powder-gun-selection-guide,0,dpl_AJn9W2vkJZ9zWdQHrUAdT7UkHM8h,手动粉末静电喷枪选型指南 | BOSTAR,https://www.bostarcoating.com/knowledge/selection-guide/manual-powder-gun-selection-guide,"index, follow",zh-CN,PASS,text/html; charset=utf-8,PASS_200,manifest:audit/04-production-url-inventory.csv; deployment:dpl_AJn9W2vkJZ9zWdQHrUAdT7UkHM8h,
https://www.bostarcoating.com/knowledge/troubleshooting,https://www.bostarcoating.com/knowledge/troubleshooting,KEEP_200,200,200,200,https://www.bostarcoating.com/knowledge/troubleshooting,0,dpl_AJn9W2vkJZ9zWdQHrUAdT7UkHM8h,故障排查 | BOSTAR,https://www.bostarcoating.com/knowledge/troubleshooting,"index, follow",zh-CN,PASS,text/html; charset=utf-8,PASS_200,manifest:audit/04-production-url-inventory.csv; deployment:dpl_AJn9W2vkJZ9zWdQHrUAdT7UkHM8h,
https://www.bostarcoating.com/knowledge/troubleshooting/powder-gun-not-picking-powder,https://www.bostarcoating.com/knowledge/troubleshooting/powder-gun-not-picking-powder,KEEP_200,200,200,200,https://www.bostarcoating.com/knowledge/troubleshooting/powder-gun-not-picking-powder,0,dpl_AJn9W2vkJZ9zWdQHrUAdT7UkHM8h,静电喷枪不上粉怎么办？ | BOSTAR,https://www.bostarcoating.com/knowledge/troubleshooting/powder-gun-not-picking-powder,"index, follow",zh-CN,PASS,text/html; charset=utf-8,PASS_200,manifest:audit/04-production-url-inventory.csv; deployment:dpl_AJn9W2vkJZ9zWdQHrUAdT7UkHM8h,
https://www.bostarcoating.com/news,https://www.bostarcoating.com/news,KEEP_200,200,200,200,https://www.bostarcoating.com/news,0,dpl_AJn9W2vkJZ9zWdQHrUAdT7UkHM8h,新闻动态 | BOSTAR,https://www.bostarcoating.com/news,"noindex, nofollow",zh-CN,PASS,text/html; charset=utf-8,EXPECTED_NOINDEX,manifest:audit/04-production-url-inventory.csv; deployment:dpl_AJn9W2vkJZ9zWdQHrUAdT7UkHM8h,
https://www.bostarcoating.com/products,https://www.bostarcoating.com/products,KEEP_200,200,200,200,https://www.bostarcoating.com/products,0,dpl_AJn9W2vkJZ9zWdQHrUAdT7UkHM8h,产品中心 | BOSTAR,https://www.bostarcoating.com/products,"index, follow",zh-CN,PASS,text/html; charset=utf-8,PASS_200,manifest:audit/04-production-url-inventory.csv; deployment:dpl_AJn9W2vkJZ9zWdQHrUAdT7UkHM8h,
https://www.bostarcoating.com/products/Automatic-Electrostatic-Liquid-Spray-Gun,https://www.bostarcoating.com/products/Automatic-Electrostatic-Liquid-Spray-Gun,RESTORE_200,200,200,200,https://www.bostarcoating.com/products/Automatic-Electrostatic-Liquid-Spray-Gun,0,dpl_AJn9W2vkJZ9zWdQHrUAdT7UkHM8h,自动液体静电喷枪 | BOSTAR,https://www.bostarcoating.com/products/Automatic-Electrostatic-Liquid-Spray-Gun,"index, follow",zh-CN,PASS,text/html; charset=utf-8,PASS_200,manifest:audit/04-production-url-inventory.csv; deployment:dpl_AJn9W2vkJZ9zWdQHrUAdT7UkHM8h,
https://www.bostarcoating.com/products/Automatic-Electrostatic-Liquid-Spray-Gun/bsd-3029-automatic-liquid-electrostatic-spray-gun,https://www.bostarcoating.com/products/Automatic-Electrostatic-Liquid-Spray-Gun/bsd-3029-automatic-liquid-electrostatic-spray-gun,KEEP_200,200,200,200,https://www.bostarcoating.com/products/Automatic-Electrostatic-Liquid-Spray-Gun/bsd-3029-automatic-liquid-electrostatic-spray-gun,0,dpl_AJn9W2vkJZ9zWdQHrUAdT7UkHM8h,高性能液体自动静电喷枪控制系统 | BOSTAR,https://www.bostarcoating.com/products/Automatic-Electrostatic-Liquid-Spray-Gun/bsd-3029-automatic-liquid-electrostatic-spray-gun,"index, follow",zh-CN,PASS,text/html; charset=utf-8,PASS_200,manifest:audit/04-production-url-inventory.csv; deployment:dpl_AJn9W2vkJZ9zWdQHrUAdT7UkHM8h,
https://www.bostarcoating.com/products/Automatic-Electrostatic-Powder-Rotary-Bell,https://www.bostarcoating.com/products/Automatic-Electrostatic-Powder-Rotary-Bell,RESTORE_200,200,200,200,https://www.bostarcoating.com/products/Automatic-Electrostatic-Powder-Rotary-Bell,0,dpl_AJn9W2vkJZ9zWdQHrUAdT7UkHM8h,粉末静电旋杯 | BOSTAR,https://www.bostarcoating.com/products/Automatic-Electrostatic-Powder-Rotary-Bell,"index, follow",zh-CN,PASS,text/html; charset=utf-8,PASS_200,manifest:audit/04-production-url-inventory.csv; deployment:dpl_AJn9W2vkJZ9zWdQHrUAdT7UkHM8h,
https://www.bostarcoating.com/products/Automatic-Electrostatic-Powder-Rotary-Bell/bostar-f18-automatic-powder-electrostatic-rotary-bell,https://www.bostarcoating.com/products/Automatic-Electrostatic-Powder-Rotary-Bell/bostar-f18-automatic-powder-electrostatic-rotary-bell,KEEP_200,200,200,200,https://www.bostarcoating.com/products/Automatic-Electrostatic-Powder-Rotary-Bell/bostar-f18-automatic-powder-electrostatic-rotary-bell,0,dpl_AJn9W2vkJZ9zWdQHrUAdT7UkHM8h,粉末静电旋杯 | BOSTAR,https://www.bostarcoating.com/products/Automatic-Electrostatic-Powder-Rotary-Bell/bostar-f18-automatic-powder-electrostatic-rotary-bell,"index, follow",zh-CN,PASS,text/html; charset=utf-8,PASS_200,manifest:audit/04-production-url-inventory.csv; deployment:dpl_AJn9W2vkJZ9zWdQHrUAdT7UkHM8h,
https://www.bostarcoating.com/products/Automatic-Electrostatic-Rotary-Bell-Atomizer,https://www.bostarcoating.com/products/Automatic-Electrostatic-Rotary-Bell-Atomizer,RESTORE_200,200,200,200,https://www.bostarcoating.com/products/Automatic-Electrostatic-Rotary-Bell-Atomizer,0,dpl_AJn9W2vkJZ9zWdQHrUAdT7UkHM8h,自动静电旋杯 | BOSTAR,https://www.bostarcoating.com/products/Automatic-Electrostatic-Rotary-Bell-Atomizer,"index, follow",zh-CN,PASS,text/html; charset=utf-8,PASS_200,manifest:audit/04-production-url-inventory.csv; deployment:dpl_AJn9W2vkJZ9zWdQHrUAdT7UkHM8h,
https://www.bostarcoating.com/products/Automatic-Electrostatic-Rotary-Bell-Atomizer/automatic-electrostatic-powder-rotary-bell-bsd-cu300,https://www.bostarcoating.com/products/Automatic-Electrostatic-Rotary-Bell-Atomizer/automatic-electrostatic-powder-rotary-bell-bsd-cu300,KEEP_200,200,200,200,https://www.bostarcoating.com/products/Automatic-Electrostatic-Rotary-Bell-Atomizer/automatic-electrostatic-powder-rotary-bell-bsd-cu300,0,dpl_AJn9W2vkJZ9zWdQHrUAdT7UkHM8h,自动粉末静电旋杯 | BOSTAR,https://www.bostarcoating.com/products/Automatic-Electrostatic-Rotary-Bell-Atomizer/automatic-electrostatic-powder-rotary-bell-bsd-cu300,"index, follow",zh-CN,PASS,text/html; charset=utf-8,PASS_200,manifest:audit/04-production-url-inventory.csv; deployment:dpl_AJn9W2vkJZ9zWdQHrUAdT7UkHM8h,
https://www.bostarcoating.com/products/Automatic-Electrostatic-Rotary-Bell-Atomizer/bell-cup-automatic-electrostatic-coating-system-bsd-3029,https://www.bostarcoating.com/products/Automatic-Electrostatic-Rotary-Bell-Atomizer/bell-cup-automatic-electrostatic-coating-system-bsd-3029,KEEP_200,200,200,200,https://www.bostarcoating.com/products/Automatic-Electrostatic-Rotary-Bell-Atomizer/bell-cup-automatic-electrostatic-coating-system-bsd-3029,0,dpl_AJn9W2vkJZ9zWdQHrUAdT7UkHM8h,液体自动静电旋杯 | BOSTAR,https://www.bostarcoating.com/products/Automatic-Electrostatic-Rotary-Bell-Atomizer/bell-cup-automatic-electrostatic-coating-system-bsd-3029,"index, follow",zh-CN,PASS,text/html; charset=utf-8,PASS_200,manifest:audit/04-production-url-inventory.csv; deployment:dpl_AJn9W2vkJZ9zWdQHrUAdT7UkHM8h,
https://www.bostarcoating.com/products/automatic-powder-spray-gun,https://www.bostarcoating.com/products/automatic-powder-spray-gun,KEEP_200,200,200,200,https://www.bostarcoating.com/products/automatic-powder-spray-gun,0,dpl_AJn9W2vkJZ9zWdQHrUAdT7UkHM8h,自动粉末静电喷枪 | BOSTAR,https://www.bostarcoating.com/products/automatic-powder-spray-gun,"index, follow",zh-CN,PASS,text/html; charset=utf-8,PASS_200,manifest:audit/04-production-url-inventory.csv; deployment:dpl_AJn9W2vkJZ9zWdQHrUAdT7UkHM8h,
https://www.bostarcoating.com/products/automatic-powder-spray-gun/automatic-powder-spray-gun,https://www.bostarcoating.com/products/automatic-powder-spray-gun/automatic-powder-spray-gun,KEEP_200,200,200,200,https://www.bostarcoating.com/products/automatic-powder-spray-gun/automatic-powder-spray-gun,0,dpl_AJn9W2vkJZ9zWdQHrUAdT7UkHM8h,自动粉末静电喷枪 | BOSTAR,https://www.bostarcoating.com/products/automatic-powder-spray-gun/automatic-powder-spray-gun,"index, follow",zh-CN,PASS,text/html; charset=utf-8,PASS_200,manifest:audit/04-production-url-inventory.csv; deployment:dpl_AJn9W2vkJZ9zWdQHrUAdT7UkHM8h,
https://www.bostarcoating.com/products/automation-equipment,https://www.bostarcoating.com/products/automation-equipment,KEEP_200,200,200,200,https://www.bostarcoating.com/products/automation-equipment,0,dpl_AJn9W2vkJZ9zWdQHrUAdT7UkHM8h,涂装自动化设备 | BOSTAR,https://www.bostarcoating.com/products/automation-equipment,"index, follow",zh-CN,PASS,text/html; charset=utf-8,PASS_200,manifest:audit/04-production-url-inventory.csv; deployment:dpl_AJn9W2vkJZ9zWdQHrUAdT7UkHM8h,
https://www.bostarcoating.com/products/electrostatic-flocking-machine,https://www.bostarcoating.com/products/electrostatic-flocking-machine,KEEP_200,200,200,200,https://www.bostarcoating.com/products/electrostatic-flocking-machine,0,dpl_AJn9W2vkJZ9zWdQHrUAdT7UkHM8h,静电喷绒机 | BOSTAR,https://www.bostarcoating.com/products/electrostatic-flocking-machine,"index, follow",zh-CN,PASS,text/html; charset=utf-8,PASS_200,manifest:audit/04-production-url-inventory.csv; deployment:dpl_AJn9W2vkJZ9zWdQHrUAdT7UkHM8h,
https://www.bostarcoating.com/products/electrostatic-flocking-machine/manual-electrostatic-flocking-velvet-spraying-machine,https://www.bostarcoating.com/products/electrostatic-flocking-machine/manual-electrostatic-flocking-velvet-spraying-machine,KEEP_200,200,200,200,https://www.bostarcoating.com/products/electrostatic-flocking-machine/manual-electrostatic-flocking-velvet-spraying-machine,0,dpl_AJn9W2vkJZ9zWdQHrUAdT7UkHM8h,手动静电喷绒机 | BOSTAR,https://www.bostarcoating.com/products/electrostatic-flocking-machine/manual-electrostatic-flocking-velvet-spraying-machine,"index, follow",zh-CN,PASS,text/html; charset=utf-8,PASS_200,manifest:audit/04-production-url-inventory.csv; deployment:dpl_AJn9W2vkJZ9zWdQHrUAdT7UkHM8h,
https://www.bostarcoating.com/products/electrostatic-rotary-bell-system,https://www.bostarcoating.com/products/electrostatic-rotary-bell-system,KEEP_200,200,200,200,https://www.bostarcoating.com/products/electrostatic-rotary-bell-system,0,dpl_AJn9W2vkJZ9zWdQHrUAdT7UkHM8h,DISK 静电旋碟喷涂系统 | BOSTAR,https://www.bostarcoating.com/products/electrostatic-rotary-bell-system,"index, follow",zh-CN,PASS,text/html; charset=utf-8,PASS_200,manifest:audit/04-production-url-inventory.csv; deployment:dpl_AJn9W2vkJZ9zWdQHrUAdT7UkHM8h,
https://www.bostarcoating.com/products/electrostatic-rotary-bell-system/disk-automatic-electrostatic-coating-system,https://www.bostarcoating.com/products/electrostatic-rotary-bell-system/disk-automatic-electrostatic-coating-system,KEEP_200,200,200,200,https://www.bostarcoating.com/products/electrostatic-rotary-bell-system/disk-automatic-electrostatic-coating-system,0,dpl_AJn9W2vkJZ9zWdQHrUAdT7UkHM8h,DISK碟式静电喷涂系统 | BOSTAR,https://www.bostarcoating.com/products/electrostatic-rotary-bell-system/disk-automatic-electrostatic-coating-system,"index, follow",zh-CN,PASS,text/html; charset=utf-8,PASS_200,manifest:audit/04-production-url-inventory.csv; deployment:dpl_AJn9W2vkJZ9zWdQHrUAdT7UkHM8h,
https://www.bostarcoating.com/products/High-Pressure-Airless-Spraying-Equipment,https://www.bostarcoating.com/products/High-Pressure-Airless-Spraying-Equipment,RESTORE_200,200,200,200,https://www.bostarcoating.com/products/High-Pressure-Airless-Spraying-Equipment,0,dpl_AJn9W2vkJZ9zWdQHrUAdT7UkHM8h,高压无气喷涂设备 | BOSTAR,https://www.bostarcoating.com/products/High-Pressure-Airless-Spraying-Equipment,"index, follow",zh-CN,PASS,text/html; charset=utf-8,PASS_200,manifest:audit/04-production-url-inventory.csv; deployment:dpl_AJn9W2vkJZ9zWdQHrUAdT7UkHM8h,
https://www.bostarcoating.com/products/Manual-Electrostatic-Liquid-Spray-Gun,https://www.bostarcoating.com/products/Manual-Electrostatic-Liquid-Spray-Gun,RESTORE_200,200,200,200,https://www.bostarcoating.com/products/Manual-Electrostatic-Liquid-Spray-Gun,0,dpl_AJn9W2vkJZ9zWdQHrUAdT7UkHM8h,手动液体静电喷枪 | BOSTAR,https://www.bostarcoating.com/products/Manual-Electrostatic-Liquid-Spray-Gun,"index, follow",zh-CN,PASS,text/html; charset=utf-8,PASS_200,manifest:audit/04-production-url-inventory.csv; deployment:dpl_AJn9W2vkJZ9zWdQHrUAdT7UkHM8h,
https://www.bostarcoating.com/products/Manual-Electrostatic-Liquid-Spray-Gun/bsd-3009a-manual-liquid-electrostatic-spray-gun,https://www.bostarcoating.com/products/Manual-Electrostatic-Liquid-Spray-Gun/bsd-3009a-manual-liquid-electrostatic-spray-gun,KEEP_200,200,200,200,https://www.bostarcoating.com/products/Manual-Electrostatic-Liquid-Spray-Gun/bsd-3009a-manual-liquid-electrostatic-spray-gun,0,dpl_AJn9W2vkJZ9zWdQHrUAdT7UkHM8h,手动液体静电喷枪 (水油通用系列) | BOSTAR,https://www.bostarcoating.com/products/Manual-Electrostatic-Liquid-Spray-Gun/bsd-3009a-manual-liquid-electrostatic-spray-gun,"index, follow",zh-CN,PASS,text/html; charset=utf-8,PASS_200,manifest:audit/04-production-url-inventory.csv; deployment:dpl_AJn9W2vkJZ9zWdQHrUAdT7UkHM8h,
https://www.bostarcoating.com/products/Manual-Electrostatic-Liquid-Spray-Gun/manual-liquid-electrostatic-spray-gun,https://www.bostarcoating.com/products/Manual-Electrostatic-Liquid-Spray-Gun/manual-liquid-electrostatic-spray-gun,KEEP_200,200,200,200,https://www.bostarcoating.com/products/Manual-Electrostatic-Liquid-Spray-Gun/manual-liquid-electrostatic-spray-gun,0,dpl_AJn9W2vkJZ9zWdQHrUAdT7UkHM8h,手动液体静电喷枪 | BOSTAR,https://www.bostarcoating.com/products/Manual-Electrostatic-Liquid-Spray-Gun/manual-liquid-electrostatic-spray-gun,"index, follow",zh-CN,PASS,text/html; charset=utf-8,PASS_200,manifest:audit/04-production-url-inventory.csv; deployment:dpl_AJn9W2vkJZ9zWdQHrUAdT7UkHM8h,
https://www.bostarcoating.com/products/manual-powder-coating-gun,https://www.bostarcoating.com/products/manual-powder-coating-gun,KEEP_200,200,200,200,https://www.bostarcoating.com/products/manual-powder-coating-gun,0,dpl_AJn9W2vkJZ9zWdQHrUAdT7UkHM8h,手动粉末静电喷枪 | BOSTAR,https://www.bostarcoating.com/products/manual-powder-coating-gun,"index, follow",zh-CN,PASS,text/html; charset=utf-8,PASS_200,manifest:audit/04-production-url-inventory.csv; deployment:dpl_AJn9W2vkJZ9zWdQHrUAdT7UkHM8h,
https://www.bostarcoating.com/products/manual-powder-coating-gun/manual-electrostatic-powder-spray-gun,https://www.bostarcoating.com/products/manual-powder-coating-gun/manual-electrostatic-powder-spray-gun,KEEP_200,200,200,200,https://www.bostarcoating.com/products/manual-powder-coating-gun/manual-electrostatic-powder-spray-gun,0,dpl_AJn9W2vkJZ9zWdQHrUAdT7UkHM8h,手动粉末静电喷枪 | BOSTAR,https://www.bostarcoating.com/products/manual-powder-coating-gun/manual-electrostatic-powder-spray-gun,"index, follow",zh-CN,PASS,text/html; charset=utf-8,PASS_200,manifest:audit/04-production-url-inventory.csv; deployment:dpl_AJn9W2vkJZ9zWdQHrUAdT7UkHM8h,
https://www.bostarcoating.com/products/manual-powder-coating-gun/manual-electrostatic-powder-spray-gun-bsd-f22,https://www.bostarcoating.com/products/manual-powder-coating-gun/manual-electrostatic-powder-spray-gun-bsd-f22,KEEP_200,200,200,200,https://www.bostarcoating.com/products/manual-powder-coating-gun/manual-electrostatic-powder-spray-gun-bsd-f22,0,dpl_AJn9W2vkJZ9zWdQHrUAdT7UkHM8h,手动粉末静电喷枪 | BOSTAR,https://www.bostarcoating.com/products/manual-powder-coating-gun/manual-electrostatic-powder-spray-gun-bsd-f22,"index, follow",zh-CN,PASS,text/html; charset=utf-8,PASS_200,manifest:audit/04-production-url-inventory.csv; deployment:dpl_AJn9W2vkJZ9zWdQHrUAdT7UkHM8h,
https://www.bostarcoating.com/products/manual-powder-coating-gun/manual-powder-spray-gun,https://www.bostarcoating.com/products/manual-powder-coating-gun/manual-powder-spray-gun,KEEP_200,200,200,200,https://www.bostarcoating.com/products/manual-powder-coating-gun/manual-powder-spray-gun,0,dpl_AJn9W2vkJZ9zWdQHrUAdT7UkHM8h,手动粉末静电喷枪 | BOSTAR,https://www.bostarcoating.com/products/manual-powder-coating-gun/manual-powder-spray-gun,"index, follow",zh-CN,PASS,text/html; charset=utf-8,PASS_200,manifest:audit/04-production-url-inventory.csv; deployment:dpl_AJn9W2vkJZ9zWdQHrUAdT7UkHM8h,
https://www.bostarcoating.com/products/manual-powder-coating-gun/powder-coating-gun,https://www.bostarcoating.com/products/manual-powder-coating-gun/powder-coating-gun,KEEP_200,200,200,200,https://www.bostarcoating.com/products/manual-powder-coating-gun/powder-coating-gun,0,dpl_AJn9W2vkJZ9zWdQHrUAdT7UkHM8h,手动粉末静电喷枪 | BOSTAR,https://www.bostarcoating.com/products/manual-powder-coating-gun/powder-coating-gun,"index, follow",zh-CN,PASS,text/html; charset=utf-8,PASS_200,manifest:audit/04-production-url-inventory.csv; deployment:dpl_AJn9W2vkJZ9zWdQHrUAdT7UkHM8h,
https://www.bostarcoating.com/products/spray-gun-accessories,https://www.bostarcoating.com/products/spray-gun-accessories,KEEP_200,200,200,200,https://www.bostarcoating.com/products/spray-gun-accessories,0,dpl_AJn9W2vkJZ9zWdQHrUAdT7UkHM8h,喷枪配件 | BOSTAR,https://www.bostarcoating.com/products/spray-gun-accessories,"index, follow",zh-CN,PASS,text/html; charset=utf-8,PASS_200,manifest:audit/04-production-url-inventory.csv; deployment:dpl_AJn9W2vkJZ9zWdQHrUAdT7UkHM8h,
https://www.bostarcoating.com/products/spray-gun-accessories/manual-powder-electrostatic-spray-gun-led-light-kit,https://www.bostarcoating.com/products/spray-gun-accessories/manual-powder-electrostatic-spray-gun-led-light-kit,KEEP_200,200,200,200,https://www.bostarcoating.com/products/spray-gun-accessories/manual-powder-electrostatic-spray-gun-led-light-kit,0,dpl_AJn9W2vkJZ9zWdQHrUAdT7UkHM8h,手动粉末静电喷枪专用LED强光照明与缺陷检测灯套件 | BOSTAR,https://www.bostarcoating.com/products/spray-gun-accessories/manual-powder-electrostatic-spray-gun-led-light-kit,"index, follow",zh-CN,PASS,text/html; charset=utf-8,PASS_200,manifest:audit/04-production-url-inventory.csv; deployment:dpl_AJn9W2vkJZ9zWdQHrUAdT7UkHM8h,
https://www.bostarcoating.com/products/Testing-Instruments,https://www.bostarcoating.com/products/Testing-Instruments,RESTORE_200,200,200,200,https://www.bostarcoating.com/products/Testing-Instruments,0,dpl_AJn9W2vkJZ9zWdQHrUAdT7UkHM8h,检测仪器与配件 | BOSTAR,https://www.bostarcoating.com/products/Testing-Instruments,"index, follow",zh-CN,PASS,text/html; charset=utf-8,PASS_200,manifest:audit/04-production-url-inventory.csv; deployment:dpl_AJn9W2vkJZ9zWdQHrUAdT7UkHM8h,
https://www.bostarcoating.com/products/Testing-Instruments/paint-resistance-tester-zk815,https://www.bostarcoating.com/products/Testing-Instruments/paint-resistance-tester-zk815,KEEP_200,200,200,200,https://www.bostarcoating.com/products/Testing-Instruments/paint-resistance-tester-zk815,0,dpl_AJn9W2vkJZ9zWdQHrUAdT7UkHM8h,油漆电阻测试仪 | BOSTAR,https://www.bostarcoating.com/products/Testing-Instruments/paint-resistance-tester-zk815,"index, follow",zh-CN,PASS,text/html; charset=utf-8,PASS_200,manifest:audit/04-production-url-inventory.csv; deployment:dpl_AJn9W2vkJZ9zWdQHrUAdT7UkHM8h,
https://www.bostarcoating.com/service,https://www.bostarcoating.com/service,KEEP_200,200,200,200,https://www.bostarcoating.com/service,0,dpl_AJn9W2vkJZ9zWdQHrUAdT7UkHM8h,服务与支持 | BOSTAR,https://www.bostarcoating.com/service,"index, follow",zh-CN,PASS,text/html; charset=utf-8,PASS_200,manifest:audit/04-production-url-inventory.csv; deployment:dpl_AJn9W2vkJZ9zWdQHrUAdT7UkHM8h,
https://www.bostarcoating.com/solutions,https://www.bostarcoating.com/solutions,KEEP_200,200,200,200,https://www.bostarcoating.com/solutions,0,dpl_AJn9W2vkJZ9zWdQHrUAdT7UkHM8h,解决方案 | BOSTAR,https://www.bostarcoating.com/solutions,"index, follow",zh-CN,PASS,text/html; charset=utf-8,PASS_200,manifest:audit/04-production-url-inventory.csv; deployment:dpl_AJn9W2vkJZ9zWdQHrUAdT7UkHM8h,
https://www.bostarcoating.com/solutions/aluminum-profile-powder-coating,https://www.bostarcoating.com/solutions/aluminum-profile-powder-coating,KEEP_200,200,200,200,https://www.bostarcoating.com/solutions/aluminum-profile-powder-coating,0,dpl_AJn9W2vkJZ9zWdQHrUAdT7UkHM8h,aluminum-profile-powder-coating 解决方案 | BOSTAR,https://www.bostarcoating.com/solutions/aluminum-profile-powder-coating,"index, follow",zh-CN,PASS,text/html; charset=utf-8,PASS_200,manifest:audit/04-production-url-inventory.csv; deployment:dpl_AJn9W2vkJZ9zWdQHrUAdT7UkHM8h,
https://www.bostarcoating.com/solutions/auto-parts-coating,https://www.bostarcoating.com/solutions/auto-parts-coating,KEEP_200,200,200,200,https://www.bostarcoating.com/solutions/auto-parts-coating,0,dpl_AJn9W2vkJZ9zWdQHrUAdT7UkHM8h,auto-parts-coating 解决方案 | BOSTAR,https://www.bostarcoating.com/solutions/auto-parts-coating,"index, follow",zh-CN,PASS,text/html; charset=utf-8,PASS_200,manifest:audit/04-production-url-inventory.csv; deployment:dpl_AJn9W2vkJZ9zWdQHrUAdT7UkHM8h,
https://www.bostarcoating.com/solutions/automatic-coating-line,https://www.bostarcoating.com/solutions/automatic-coating-line,KEEP_200,200,200,200,https://www.bostarcoating.com/solutions/automatic-coating-line,0,dpl_AJn9W2vkJZ9zWdQHrUAdT7UkHM8h,automatic-coating-line 解决方案 | BOSTAR,https://www.bostarcoating.com/solutions/automatic-coating-line,"index, follow",zh-CN,PASS,text/html; charset=utf-8,PASS_200,manifest:audit/04-production-url-inventory.csv; deployment:dpl_AJn9W2vkJZ9zWdQHrUAdT7UkHM8h,
https://www.bostarcoating.com/solutions/cabinet-powder-coating,https://www.bostarcoating.com/solutions/cabinet-powder-coating,KEEP_200,200,200,200,https://www.bostarcoating.com/solutions/cabinet-powder-coating,0,dpl_AJn9W2vkJZ9zWdQHrUAdT7UkHM8h,cabinet-powder-coating 解决方案 | BOSTAR,https://www.bostarcoating.com/solutions/cabinet-powder-coating,"index, follow",zh-CN,PASS,text/html; charset=utf-8,PASS_200,manifest:audit/04-production-url-inventory.csv; deployment:dpl_AJn9W2vkJZ9zWdQHrUAdT7UkHM8h,
https://www.bostarcoating.com/solutions/furniture-hardware-coating,https://www.bostarcoating.com/solutions/furniture-hardware-coating,KEEP_200,200,200,200,https://www.bostarcoating.com/solutions/furniture-hardware-coating,0,dpl_AJn9W2vkJZ9zWdQHrUAdT7UkHM8h,furniture-hardware-coating 解决方案 | BOSTAR,https://www.bostarcoating.com/solutions/furniture-hardware-coating,"index, follow",zh-CN,PASS,text/html; charset=utf-8,PASS_200,manifest:audit/04-production-url-inventory.csv; deployment:dpl_AJn9W2vkJZ9zWdQHrUAdT7UkHM8h,
https://www.bostarcoating.com/solutions/hardware-powder-coating,https://www.bostarcoating.com/solutions/hardware-powder-coating,KEEP_200,200,200,200,https://www.bostarcoating.com/solutions/hardware-powder-coating,0,dpl_AJn9W2vkJZ9zWdQHrUAdT7UkHM8h,hardware-powder-coating 解决方案 | BOSTAR,https://www.bostarcoating.com/solutions/hardware-powder-coating,"index, follow",zh-CN,PASS,text/html; charset=utf-8,PASS_200,manifest:audit/04-production-url-inventory.csv; deployment:dpl_AJn9W2vkJZ9zWdQHrUAdT7UkHM8h,
https://www.bostarcoating.com/solutions/lab-sample-coating,https://www.bostarcoating.com/solutions/lab-sample-coating,KEEP_200,200,200,200,https://www.bostarcoating.com/solutions/lab-sample-coating,0,dpl_AJn9W2vkJZ9zWdQHrUAdT7UkHM8h,lab-sample-coating 解决方案 | BOSTAR,https://www.bostarcoating.com/solutions/lab-sample-coating,"index, follow",zh-CN,PASS,text/html; charset=utf-8,PASS_200,manifest:audit/04-production-url-inventory.csv; deployment:dpl_AJn9W2vkJZ9zWdQHrUAdT7UkHM8h,
https://www.bostarcoating.com/videos,https://www.bostarcoating.com/videos,KEEP_200,200,200,200,https://www.bostarcoating.com/videos,0,dpl_AJn9W2vkJZ9zWdQHrUAdT7UkHM8h,视频中心 | BOSTAR,https://www.bostarcoating.com/videos,"index, follow",zh-CN,PASS,text/html; charset=utf-8,PASS_200,manifest:audit/04-production-url-inventory.csv; deployment:dpl_AJn9W2vkJZ9zWdQHrUAdT7UkHM8h,
https://www.bostarcoating.com/videos/controller-setup,https://www.bostarcoating.com/videos/controller-setup,KEEP_200,200,200,200,https://www.bostarcoating.com/videos/controller-setup,0,dpl_AJn9W2vkJZ9zWdQHrUAdT7UkHM8h,控制器参数设置说明 | BOSTAR,https://www.bostarcoating.com/videos/controller-setup,"index, follow",zh-CN,PASS,text/html; charset=utf-8,PASS_200,manifest:audit/04-production-url-inventory.csv; deployment:dpl_AJn9W2vkJZ9zWdQHrUAdT7UkHM8h,
https://www.bostarcoating.com/videos/maintenance-cleaning,https://www.bostarcoating.com/videos/maintenance-cleaning,KEEP_200,200,200,200,https://www.bostarcoating.com/videos/maintenance-cleaning,0,dpl_AJn9W2vkJZ9zWdQHrUAdT7UkHM8h,喷枪清洁维护流程 | BOSTAR,https://www.bostarcoating.com/videos/maintenance-cleaning,"index, follow",zh-CN,PASS,text/html; charset=utf-8,PASS_200,manifest:audit/04-production-url-inventory.csv; deployment:dpl_AJn9W2vkJZ9zWdQHrUAdT7UkHM8h,
https://www.bostarcoating.com/videos/powder-gun-operation,https://www.bostarcoating.com/videos/powder-gun-operation,KEEP_200,200,200,200,https://www.bostarcoating.com/videos/powder-gun-operation,0,dpl_AJn9W2vkJZ9zWdQHrUAdT7UkHM8h,粉末静电喷枪基础操作 | BOSTAR,https://www.bostarcoating.com/videos/powder-gun-operation,"index, follow",zh-CN,PASS,text/html; charset=utf-8,PASS_200,manifest:audit/04-production-url-inventory.csv; deployment:dpl_AJn9W2vkJZ9zWdQHrUAdT7UkHM8h,
