url,status,page_type,title,meta_description,h1,canonical,canonical_status,robots,html_lang,hreflang_zh,hreflang_en,x_default,hreflang_status,sitemap_status,schema_types,schema_status,og_url,result,notes
https://www.bostarcoating.com/,200,home,博士达静电喷涂设备官网_智能液体粉体涂装系统_高速静电旋杯厂家BOSTAR,博士达(BOSTAR)专注于高性能工业静电喷涂设备、智能化涂装系统及精密流体配件的研发与制造。产品涵盖液体/粉末静电喷枪、高速静电旋杯、DISK旋盘系统等、高压无气静电喷枪，为汽车、五金、家电等行业提供高效低碳的表面涂装解决方案。,以绝对精度，定义每一道涂层。,https://www.bostarcoating.com,PASS,"index, follow",zh-CN,https://www.bostarcoating.com,https://www.bostarcoating.com/en,https://www.bostarcoating.com,PASS,IN_SITEMAP,Answer | Brand | BreadcrumbList | ContactPoint | Country | EducationalOccupationalCredential | EntryPoint | FAQPage | IndustrialManufacturer | Language | ListItem | OfferCatalog | Organization | PostalAddress | PropertyValue | QuantitativeValue | Question | SearchAction | WebSite,PRESENT,https://www.bostarcoating.com,PASS,
https://www.bostarcoating.com/about,200,about,关于博士达 | BOSTAR,了解博士达在工业喷涂设备、静电喷枪、自动化涂装系统和工程交付方面的能力。,精密静电涂装，赋能高效工业。,https://www.bostarcoating.com/about,PASS,"index, follow",zh-CN,https://www.bostarcoating.com/about,https://www.bostarcoating.com/en/about,https://www.bostarcoating.com/about,PASS,IN_SITEMAP,Brand | BreadcrumbList | ContactPoint | Country | EducationalOccupationalCredential | EntryPoint | IndustrialManufacturer | Language | ListItem | OfferCatalog | Organization | PostalAddress | PropertyValue | QuantitativeValue | SearchAction | WebSite,PRESENT,https://www.bostarcoating.com/about,PASS,
https://www.bostarcoating.com/cases,200,case-index,案例中心 | BOSTAR,博士达粉末静电喷涂设备行业应用案例。,案例中心,https://www.bostarcoating.com/cases,PASS,"index, follow",zh-CN,https://www.bostarcoating.com/cases,https://www.bostarcoating.com/en/cases,https://www.bostarcoating.com/cases,PASS,IN_SITEMAP,Brand | BreadcrumbList | ContactPoint | Country | EducationalOccupationalCredential | EntryPoint | IndustrialManufacturer | Language | ListItem | OfferCatalog | Organization | PostalAddress | PropertyValue | QuantitativeValue | SearchAction | WebSite,PRESENT,https://www.bostarcoating.com/cases,PASS,
https://www.bostarcoating.com/contact,200,contact,联系我们 | BOSTAR,提交静电喷涂设备选型、报价、资料下载和售后维护需求。,联系博士达,https://www.bostarcoating.com/contact,PASS,"index, follow",zh-CN,https://www.bostarcoating.com/contact,https://www.bostarcoating.com/en/contact,https://www.bostarcoating.com/contact,PASS,IN_SITEMAP,Brand | BreadcrumbList | ContactPoint | Country | EducationalOccupationalCredential | EntryPoint | IndustrialManufacturer | Language | ListItem | LocalBusiness | OfferCatalog | Organization | PostalAddress | PropertyValue | QuantitativeValue | SearchAction | WebSite,PRESENT,https://www.bostarcoating.com/contact,PASS,
https://www.bostarcoating.com/downloads,200,download-index,资料下载 | BOSTAR,下载粉末静电喷枪画册、控制器说明书、DISK 系统资料、故障排查清单和维护指南。,资料下载,https://www.bostarcoating.com/downloads,PASS,"index, follow",zh-CN,https://www.bostarcoating.com/downloads,https://www.bostarcoating.com/en/downloads,https://www.bostarcoating.com/downloads,PASS,IN_SITEMAP,Brand | BreadcrumbList | ContactPoint | Country | EducationalOccupationalCredential | EntryPoint | IndustrialManufacturer | Language | ListItem | OfferCatalog | Organization | PostalAddress | PropertyValue | QuantitativeValue | SearchAction | WebSite,PRESENT,https://www.bostarcoating.com/downloads,PASS,
https://www.bostarcoating.com/downloads/controller-manual,200,download-detail,静电喷涂控制器说明书 | BOSTAR,静电喷涂控制器说明书,静电喷涂控制器说明书,https://www.bostarcoating.com/downloads/controller-manual,PASS,"index, follow",zh-CN,https://www.bostarcoating.com/downloads/controller-manual,https://www.bostarcoating.com/en/downloads/controller-manual,https://www.bostarcoating.com/downloads/controller-manual,PASS,IN_SITEMAP,Brand | BreadcrumbList | ContactPoint | Country | EducationalOccupationalCredential | EntryPoint | IndustrialManufacturer | Language | ListItem | OfferCatalog | Organization | PostalAddress | PropertyValue | QuantitativeValue | SearchAction | WebSite,PRESENT,https://www.bostarcoating.com/downloads/controller-manual,PASS,
https://www.bostarcoating.com/downloads/disk-system-sheet,200,download-detail,DISK 静电旋碟系统资料 | BOSTAR,DISK 静电旋碟系统资料,DISK 静电旋碟系统资料,https://www.bostarcoating.com/downloads/disk-system-sheet,PASS,"index, follow",zh-CN,https://www.bostarcoating.com/downloads/disk-system-sheet,https://www.bostarcoating.com/en/downloads/disk-system-sheet,https://www.bostarcoating.com/downloads/disk-system-sheet,PASS,IN_SITEMAP,Brand | BreadcrumbList | ContactPoint | Country | EducationalOccupationalCredential | EntryPoint | IndustrialManufacturer | Language | ListItem | OfferCatalog | Organization | PostalAddress | PropertyValue | QuantitativeValue | SearchAction | WebSite,PRESENT,https://www.bostarcoating.com/downloads/disk-system-sheet,PASS,
https://www.bostarcoating.com/downloads/maintenance-guide,200,download-detail,喷枪日常维护指南 | BOSTAR,喷枪日常维护指南,喷枪日常维护指南,https://www.bostarcoating.com/downloads/maintenance-guide,PASS,"index, follow",zh-CN,https://www.bostarcoating.com/downloads/maintenance-guide,https://www.bostarcoating.com/en/downloads/maintenance-guide,https://www.bostarcoating.com/downloads/maintenance-guide,PASS,IN_SITEMAP,Brand | BreadcrumbList | ContactPoint | Country | EducationalOccupationalCredential | EntryPoint | IndustrialManufacturer | Language | ListItem | OfferCatalog | Organization | PostalAddress | PropertyValue | QuantitativeValue | SearchAction | WebSite,PRESENT,https://www.bostarcoating.com/downloads/maintenance-guide,PASS,
https://www.bostarcoating.com/downloads/powder-gun-catalog,200,download-detail,粉末静电喷枪产品画册 | BOSTAR,粉末静电喷枪产品画册,粉末静电喷枪产品画册,https://www.bostarcoating.com/downloads/powder-gun-catalog,PASS,"index, follow",zh-CN,https://www.bostarcoating.com/downloads/powder-gun-catalog,https://www.bostarcoating.com/en/downloads/powder-gun-catalog,https://www.bostarcoating.com/downloads/powder-gun-catalog,PASS,IN_SITEMAP,Brand | BreadcrumbList | ContactPoint | Country | EducationalOccupationalCredential | EntryPoint | IndustrialManufacturer | Language | ListItem | OfferCatalog | Organization | PostalAddress | PropertyValue | QuantitativeValue | SearchAction | WebSite,PRESENT,https://www.bostarcoating.com/downloads/powder-gun-catalog,PASS,
https://www.bostarcoating.com/downloads/troubleshooting-checklist,200,download-detail,喷涂故障排查清单 | BOSTAR,喷涂故障排查清单,喷涂故障排查清单,https://www.bostarcoating.com/downloads/troubleshooting-checklist,PASS,"index, follow",zh-CN,https://www.bostarcoating.com/downloads/troubleshooting-checklist,https://www.bostarcoating.com/en/downloads/troubleshooting-checklist,https://www.bostarcoating.com/downloads/troubleshooting-checklist,PASS,IN_SITEMAP,Brand | BreadcrumbList | ContactPoint | Country | EducationalOccupationalCredential | EntryPoint | IndustrialManufacturer | Language | ListItem | OfferCatalog | Organization | PostalAddress | PropertyValue | QuantitativeValue | SearchAction | WebSite,PRESENT,https://www.bostarcoating.com/downloads/troubleshooting-checklist,PASS,
https://www.bostarcoating.com/faq,200,faq,FAQ 常见问题 | BOSTAR,静电喷枪选型、工艺调试、维护和资料下载常见问题。,常见问题,https://www.bostarcoating.com/faq,PASS,"index, follow",zh-CN,https://www.bostarcoating.com/faq,https://www.bostarcoating.com/en/faq,https://www.bostarcoating.com/faq,PASS,IN_SITEMAP,Answer | Brand | BreadcrumbList | ContactPoint | Country | EducationalOccupationalCredential | EntryPoint | FAQPage | IndustrialManufacturer | Language | ListItem | OfferCatalog | Organization | PostalAddress | PropertyValue | QuantitativeValue | Question | SearchAction | WebSite,PRESENT,https://www.bostarcoating.com/faq,PASS,
https://www.bostarcoating.com/knowledge,200,knowledge-index,知识中心 | BOSTAR,静电喷枪选型、粉末喷涂工艺、故障排查、操作维护和安全规范知识库。,知识中心,https://www.bostarcoating.com/knowledge,PASS,"index, follow",zh-CN,https://www.bostarcoating.com/knowledge,https://www.bostarcoating.com/en/knowledge,https://www.bostarcoating.com/knowledge,PASS,IN_SITEMAP,Brand | BreadcrumbList | ContactPoint | Country | EducationalOccupationalCredential | EntryPoint | IndustrialManufacturer | Language | ListItem | OfferCatalog | Organization | PostalAddress | PropertyValue | QuantitativeValue | SearchAction | WebSite,PRESENT,https://www.bostarcoating.com/knowledge,PASS,
https://www.bostarcoating.com/knowledge/faq,200,knowledge-category,常见问题 | BOSTAR,常见问题文章列表,常见问题,https://www.bostarcoating.com/knowledge/faq,PASS,"index, follow",zh-CN,https://www.bostarcoating.com/knowledge/faq,https://www.bostarcoating.com/en/knowledge/faq,https://www.bostarcoating.com/knowledge/faq,PASS,IN_SITEMAP,Brand | BreadcrumbList | ContactPoint | Country | EducationalOccupationalCredential | EntryPoint | IndustrialManufacturer | Language | ListItem | OfferCatalog | Organization | PostalAddress | PropertyValue | QuantitativeValue | SearchAction | WebSite,PRESENT,https://www.bostarcoating.com/knowledge/faq,PASS,
https://www.bostarcoating.com/knowledge/industry-encyclopedia,200,knowledge-category,行业百科 | BOSTAR,行业百科文章列表,行业百科,https://www.bostarcoating.com/knowledge/industry-encyclopedia,PASS,"index, follow",zh-CN,https://www.bostarcoating.com/knowledge/industry-encyclopedia,https://www.bostarcoating.com/en/knowledge/industry-encyclopedia,https://www.bostarcoating.com/knowledge/industry-encyclopedia,PASS,IN_SITEMAP,Brand | BreadcrumbList | ContactPoint | Country | EducationalOccupationalCredential | EntryPoint | IndustrialManufacturer | Language | ListItem | OfferCatalog | Organization | PostalAddress | PropertyValue | QuantitativeValue | SearchAction | WebSite,PRESENT,https://www.bostarcoating.com/knowledge/industry-encyclopedia,PASS,
https://www.bostarcoating.com/knowledge/operation-maintenance,200,knowledge-category,操作维护 | BOSTAR,操作维护文章列表,操作维护,https://www.bostarcoating.com/knowledge/operation-maintenance,PASS,"index, follow",zh-CN,https://www.bostarcoating.com/knowledge/operation-maintenance,https://www.bostarcoating.com/en/knowledge/operation-maintenance,https://www.bostarcoating.com/knowledge/operation-maintenance,PASS,IN_SITEMAP,Brand | BreadcrumbList | ContactPoint | Country | EducationalOccupationalCredential | EntryPoint | IndustrialManufacturer | Language | ListItem | OfferCatalog | Organization | PostalAddress | PropertyValue | QuantitativeValue | SearchAction | WebSite,PRESENT,https://www.bostarcoating.com/knowledge/operation-maintenance,PASS,
https://www.bostarcoating.com/knowledge/process-knowledge,200,knowledge-category,工艺知识 | BOSTAR,工艺知识文章列表,工艺知识,https://www.bostarcoating.com/knowledge/process-knowledge,PASS,"index, follow",zh-CN,https://www.bostarcoating.com/knowledge/process-knowledge,https://www.bostarcoating.com/en/knowledge/process-knowledge,https://www.bostarcoating.com/knowledge/process-knowledge,PASS,IN_SITEMAP,Brand | BreadcrumbList | ContactPoint | Country | EducationalOccupationalCredential | EntryPoint | IndustrialManufacturer | Language | ListItem | OfferCatalog | Organization | PostalAddress | PropertyValue | QuantitativeValue | SearchAction | WebSite,PRESENT,https://www.bostarcoating.com/knowledge/process-knowledge,PASS,
https://www.bostarcoating.com/knowledge/process-knowledge/adjust-spray-voltage,200,knowledge-detail,静电喷涂电压怎么调？ | BOSTAR,围绕现场问题给出判断方法和设备建议。,静电喷涂电压怎么调？,https://www.bostarcoating.com/knowledge/process-knowledge/adjust-spray-voltage,PASS,"index, follow",zh-CN,https://www.bostarcoating.com/knowledge/process-knowledge/adjust-spray-voltage,https://www.bostarcoating.com/en/knowledge/process-knowledge/adjust-spray-voltage,https://www.bostarcoating.com/knowledge/process-knowledge/adjust-spray-voltage,PASS,IN_SITEMAP,Answer | Article | Brand | BreadcrumbList | ContactPoint | Country | EducationalOccupationalCredential | EntryPoint | FAQPage | IndustrialManufacturer | Language | ListItem | OfferCatalog | Organization | PostalAddress | PropertyValue | QuantitativeValue | Question | SearchAction | WebPage | WebSite,PRESENT,https://www.bostarcoating.com/knowledge/process-knowledge/adjust-spray-voltage,PASS,
https://www.bostarcoating.com/knowledge/product-comparison,200,knowledge-category,产品对比 | BOSTAR,产品对比文章列表,产品对比,https://www.bostarcoating.com/knowledge/product-comparison,PASS,"index, follow",zh-CN,https://www.bostarcoating.com/knowledge/product-comparison,https://www.bostarcoating.com/en/knowledge/product-comparison,https://www.bostarcoating.com/knowledge/product-comparison,PASS,IN_SITEMAP,Brand | BreadcrumbList | ContactPoint | Country | EducationalOccupationalCredential | EntryPoint | IndustrialManufacturer | Language | ListItem | OfferCatalog | Organization | PostalAddress | PropertyValue | QuantitativeValue | SearchAction | WebSite,PRESENT,https://www.bostarcoating.com/knowledge/product-comparison,PASS,
https://www.bostarcoating.com/knowledge/safety-standard,200,knowledge-category,安全规范 | BOSTAR,安全规范文章列表,安全规范,https://www.bostarcoating.com/knowledge/safety-standard,PASS,"index, follow",zh-CN,https://www.bostarcoating.com/knowledge/safety-standard,https://www.bostarcoating.com/en/knowledge/safety-standard,https://www.bostarcoating.com/knowledge/safety-standard,PASS,IN_SITEMAP,Brand | BreadcrumbList | ContactPoint | Country | EducationalOccupationalCredential | EntryPoint | IndustrialManufacturer | Language | ListItem | OfferCatalog | Organization | PostalAddress | PropertyValue | QuantitativeValue | SearchAction | WebSite,PRESENT,https://www.bostarcoating.com/knowledge/safety-standard,PASS,
https://www.bostarcoating.com/knowledge/selection-guide,200,knowledge-category,选型指南 | BOSTAR,选型指南文章列表,选型指南,https://www.bostarcoating.com/knowledge/selection-guide,PASS,"index, follow",zh-CN,https://www.bostarcoating.com/knowledge/selection-guide,https://www.bostarcoating.com/en/knowledge/selection-guide,https://www.bostarcoating.com/knowledge/selection-guide,PASS,IN_SITEMAP,Brand | BreadcrumbList | ContactPoint | Country | EducationalOccupationalCredential | EntryPoint | IndustrialManufacturer | Language | ListItem | OfferCatalog | Organization | PostalAddress | PropertyValue | QuantitativeValue | SearchAction | WebSite,PRESENT,https://www.bostarcoating.com/knowledge/selection-guide,PASS,
https://www.bostarcoating.com/knowledge/selection-guide/how-to-choose-electrostatic-spray-gun,200,knowledge-detail,静电喷枪怎么选？ | BOSTAR,围绕现场问题给出判断方法和设备建议。,静电喷枪怎么选？,https://www.bostarcoating.com/knowledge/selection-guide/how-to-choose-electrostatic-spray-gun,PASS,"index, follow",zh-CN,https://www.bostarcoating.com/knowledge/selection-guide/how-to-choose-electrostatic-spray-gun,https://www.bostarcoating.com/en/knowledge/selection-guide/how-to-choose-electrostatic-spray-gun,https://www.bostarcoating.com/knowledge/selection-guide/how-to-choose-electrostatic-spray-gun,PASS,IN_SITEMAP,Answer | Article | Brand | BreadcrumbList | ContactPoint | Country | EducationalOccupationalCredential | EntryPoint | FAQPage | IndustrialManufacturer | Language | ListItem | OfferCatalog | Organization | PostalAddress | PropertyValue | QuantitativeValue | Question | SearchAction | WebPage | WebSite,PRESENT,https://www.bostarcoating.com/knowledge/selection-guide/how-to-choose-electrostatic-spray-gun,PASS,
https://www.bostarcoating.com/knowledge/selection-guide/manual-powder-gun-selection-guide,200,knowledge-detail,手动粉末静电喷枪选型指南 | BOSTAR,围绕现场问题给出判断方法和设备建议。,手动粉末静电喷枪选型指南,https://www.bostarcoating.com/knowledge/selection-guide/manual-powder-gun-selection-guide,PASS,"index, follow",zh-CN,https://www.bostarcoating.com/knowledge/selection-guide/manual-powder-gun-selection-guide,https://www.bostarcoating.com/en/knowledge/selection-guide/manual-powder-gun-selection-guide,https://www.bostarcoating.com/knowledge/selection-guide/manual-powder-gun-selection-guide,PASS,IN_SITEMAP,Answer | Article | Brand | BreadcrumbList | ContactPoint | Country | EducationalOccupationalCredential | EntryPoint | FAQPage | IndustrialManufacturer | Language | ListItem | OfferCatalog | Organization | PostalAddress | PropertyValue | QuantitativeValue | Question | SearchAction | WebPage | WebSite,PRESENT,https://www.bostarcoating.com/knowledge/selection-guide/manual-powder-gun-selection-guide,PASS,
https://www.bostarcoating.com/knowledge/troubleshooting,200,knowledge-category,故障排查 | BOSTAR,故障排查文章列表,故障排查,https://www.bostarcoating.com/knowledge/troubleshooting,PASS,"index, follow",zh-CN,https://www.bostarcoating.com/knowledge/troubleshooting,https://www.bostarcoating.com/en/knowledge/troubleshooting,https://www.bostarcoating.com/knowledge/troubleshooting,PASS,IN_SITEMAP,Brand | BreadcrumbList | ContactPoint | Country | EducationalOccupationalCredential | EntryPoint | IndustrialManufacturer | Language | ListItem | OfferCatalog | Organization | PostalAddress | PropertyValue | QuantitativeValue | SearchAction | WebSite,PRESENT,https://www.bostarcoating.com/knowledge/troubleshooting,PASS,
https://www.bostarcoating.com/knowledge/troubleshooting/powder-gun-not-picking-powder,200,knowledge-detail,静电喷枪不上粉怎么办？ | BOSTAR,围绕现场问题给出判断方法和设备建议。,静电喷枪不上粉怎么办？,https://www.bostarcoating.com/knowledge/troubleshooting/powder-gun-not-picking-powder,PASS,"index, follow",zh-CN,https://www.bostarcoating.com/knowledge/troubleshooting/powder-gun-not-picking-powder,https://www.bostarcoating.com/en/knowledge/troubleshooting/powder-gun-not-picking-powder,https://www.bostarcoating.com/knowledge/troubleshooting/powder-gun-not-picking-powder,PASS,IN_SITEMAP,Answer | Article | Brand | BreadcrumbList | ContactPoint | Country | EducationalOccupationalCredential | EntryPoint | FAQPage | IndustrialManufacturer | Language | ListItem | OfferCatalog | Organization | PostalAddress | PropertyValue | QuantitativeValue | Question | SearchAction | WebPage | WebSite,PRESENT,https://www.bostarcoating.com/knowledge/troubleshooting/powder-gun-not-picking-powder,PASS,
https://www.bostarcoating.com/news,200,news,新闻动态 | BOSTAR,博士达品牌新闻、产品更新和行业动态。,新闻动态,https://www.bostarcoating.com/news,PASS,"noindex, nofollow",zh-CN,https://www.bostarcoating.com/news,https://www.bostarcoating.com/en/news,https://www.bostarcoating.com/news,PASS,NOT_IN_SITEMAP,Brand | BreadcrumbList | ContactPoint | Country | EducationalOccupationalCredential | EntryPoint | IndustrialManufacturer | Language | ListItem | OfferCatalog | Organization | PostalAddress | PropertyValue | QuantitativeValue | SearchAction | WebSite,PRESENT,https://www.bostarcoating.com/news,EXPECTED_NOINDEX,
https://www.bostarcoating.com/products,200,product-index,产品中心 | BOSTAR,博士达粉末静电喷枪、喷涂控制器、DISK 静电旋碟系统、供粉回收与涂装自动化设备。,产品中心,https://www.bostarcoating.com/products,PASS,"index, follow",zh-CN,https://www.bostarcoating.com/products,https://www.bostarcoating.com/en/products,https://www.bostarcoating.com/products,PASS,IN_SITEMAP,Brand | BreadcrumbList | ContactPoint | Country | EducationalOccupationalCredential | EntryPoint | IndustrialManufacturer | Language | ListItem | OfferCatalog | Organization | PostalAddress | PropertyValue | QuantitativeValue | SearchAction | WebSite,PRESENT,https://www.bostarcoating.com/products,PASS,
https://www.bostarcoating.com/products/Automatic-Electrostatic-Liquid-Spray-Gun,200,product-category,自动液体静电喷枪 | BOSTAR,自动液体静电喷枪产品目录。,自动液体静电喷枪,https://www.bostarcoating.com/products/Automatic-Electrostatic-Liquid-Spray-Gun,PASS,"index, follow",zh-CN,https://www.bostarcoating.com/products/Automatic-Electrostatic-Liquid-Spray-Gun,https://www.bostarcoating.com/en/products/Automatic-Electrostatic-Liquid-Spray-Gun,https://www.bostarcoating.com/products/Automatic-Electrostatic-Liquid-Spray-Gun,PASS,IN_SITEMAP,Brand | BreadcrumbList | ContactPoint | Country | EducationalOccupationalCredential | EntryPoint | IndustrialManufacturer | Language | ListItem | OfferCatalog | Organization | PostalAddress | PropertyValue | QuantitativeValue | SearchAction | WebSite,PRESENT,https://www.bostarcoating.com/products/Automatic-Electrostatic-Liquid-Spray-Gun,PASS,
https://www.bostarcoating.com/products/Automatic-Electrostatic-Liquid-Spray-Gun/bsd-3029-automatic-liquid-electrostatic-spray-gun,200,product-detail,高性能液体自动静电喷枪控制系统 | BOSTAR,BSD-3029 高性能静电自动喷枪是一款专为自动化涂装（往复机与机器人联动）设计的高效、通用液体全自动静电喷涂工具 。系统内置国际标准高压串级发生器，消除传统外置电缆的静电流失，具备强劲的静电包覆效果，显著提升涂料传递效率、节省油漆并减少环境污染 。主机支持高达 100 组数字化工艺配方存储与高精度闭环气流智能参数调节 。,高性能液体自动静电喷枪控制系统,https://www.bostarcoating.com/products/Automatic-Electrostatic-Liquid-Spray-Gun/bsd-3029-automatic-liquid-electrostatic-spray-gun,PASS,"index, follow",zh-CN,https://www.bostarcoating.com/products/Automatic-Electrostatic-Liquid-Spray-Gun/bsd-3029-automatic-liquid-electrostatic-spray-gun,https://www.bostarcoating.com/en/products/Automatic-Electrostatic-Liquid-Spray-Gun/bsd-3029-automatic-liquid-electrostatic-spray-gun,https://www.bostarcoating.com/products/Automatic-Electrostatic-Liquid-Spray-Gun/bsd-3029-automatic-liquid-electrostatic-spray-gun,PASS,IN_SITEMAP,Answer | Brand | BreadcrumbList | ContactPoint | Country | EducationalOccupationalCredential | EntryPoint | FAQPage | HowTo | HowToStep | IndustrialManufacturer | Language | ListItem | OfferCatalog | Organization | PostalAddress | Product | PropertyValue | QuantitativeValue | Question | SearchAction | WebSite,PRESENT,https://www.bostarcoating.com/products/Automatic-Electrostatic-Liquid-Spray-Gun/bsd-3029-automatic-liquid-electrostatic-spray-gun,PASS,
https://www.bostarcoating.com/products/Automatic-Electrostatic-Powder-Rotary-Bell,200,product-category,粉末静电旋杯 | BOSTAR,粉末静电旋杯产品目录。,粉末静电旋杯,https://www.bostarcoating.com/products/Automatic-Electrostatic-Powder-Rotary-Bell,PASS,"index, follow",zh-CN,https://www.bostarcoating.com/products/Automatic-Electrostatic-Powder-Rotary-Bell,https://www.bostarcoating.com/en/products/Automatic-Electrostatic-Powder-Rotary-Bell,https://www.bostarcoating.com/products/Automatic-Electrostatic-Powder-Rotary-Bell,PASS,IN_SITEMAP,Brand | BreadcrumbList | ContactPoint | Country | EducationalOccupationalCredential | EntryPoint | IndustrialManufacturer | Language | ListItem | OfferCatalog | Organization | PostalAddress | PropertyValue | QuantitativeValue | SearchAction | WebSite,PRESENT,https://www.bostarcoating.com/products/Automatic-Electrostatic-Powder-Rotary-Bell,PASS,
https://www.bostarcoating.com/products/Automatic-Electrostatic-Powder-Rotary-Bell/bostar-f18-automatic-powder-electrostatic-rotary-bell,200,product-detail,粉末静电旋杯 | BOSTAR,博士达F18粉末静电旋杯是一款专为现代工业涂装设计的高效、节能且环保的粉末涂料喷涂装置 。设备采用电晕放电使粉末高效带电，结合高速旋转产生的强大离心力 ，能有效解决涂层斑驳、流线及颜色不匀等常见问题 ，确保粉末在工件表面实现均匀覆盖与极佳的附着力 。,粉末静电旋杯,https://www.bostarcoating.com/products/Automatic-Electrostatic-Powder-Rotary-Bell/bostar-f18-automatic-powder-electrostatic-rotary-bell,PASS,"index, follow",zh-CN,https://www.bostarcoating.com/products/Automatic-Electrostatic-Powder-Rotary-Bell/bostar-f18-automatic-powder-electrostatic-rotary-bell,https://www.bostarcoating.com/en/products/Automatic-Electrostatic-Powder-Rotary-Bell/bostar-f18-automatic-powder-electrostatic-rotary-bell,https://www.bostarcoating.com/products/Automatic-Electrostatic-Powder-Rotary-Bell/bostar-f18-automatic-powder-electrostatic-rotary-bell,PASS,IN_SITEMAP,Answer | Brand | BreadcrumbList | ContactPoint | Country | EducationalOccupationalCredential | EntryPoint | FAQPage | HowTo | HowToStep | IndustrialManufacturer | Language | ListItem | OfferCatalog | Organization | PostalAddress | Product | PropertyValue | QuantitativeValue | Question | SearchAction | WebSite,PRESENT,https://www.bostarcoating.com/products/Automatic-Electrostatic-Powder-Rotary-Bell/bostar-f18-automatic-powder-electrostatic-rotary-bell,PASS,
https://www.bostarcoating.com/products/Automatic-Electrostatic-Rotary-Bell-Atomizer,200,product-category,自动静电旋杯 | BOSTAR,自动静电旋杯产品目录。,自动静电旋杯,https://www.bostarcoating.com/products/Automatic-Electrostatic-Rotary-Bell-Atomizer,PASS,"index, follow",zh-CN,https://www.bostarcoating.com/products/Automatic-Electrostatic-Rotary-Bell-Atomizer,https://www.bostarcoating.com/en/products/Automatic-Electrostatic-Rotary-Bell-Atomizer,https://www.bostarcoating.com/products/Automatic-Electrostatic-Rotary-Bell-Atomizer,PASS,IN_SITEMAP,Brand | BreadcrumbList | ContactPoint | Country | EducationalOccupationalCredential | EntryPoint | IndustrialManufacturer | Language | ListItem | OfferCatalog | Organization | PostalAddress | PropertyValue | QuantitativeValue | SearchAction | WebSite,PRESENT,https://www.bostarcoating.com/products/Automatic-Electrostatic-Rotary-Bell-Atomizer,PASS,
https://www.bostarcoating.com/products/Automatic-Electrostatic-Rotary-Bell-Atomizer/automatic-electrostatic-powder-rotary-bell-bsd-cu300,200,product-detail,自动粉末静电旋杯 | BOSTAR,博士达 BSD-CU300 自动粉末静电旋杯专为现代化工业粉末静电喷涂场景量身定制 。设备利用高达 100kV 的高压静电场使粉末颗粒高效、均匀地带电 ，配合空气涡轮高速旋转雾化技术，可显著提升粉末转移效率与上粉率 ，广泛应用于汽车制造、家电生产、金属加工等自动化涂装线 。,自动粉末静电旋杯,https://www.bostarcoating.com/products/Automatic-Electrostatic-Rotary-Bell-Atomizer/automatic-electrostatic-powder-rotary-bell-bsd-cu300,PASS,"index, follow",zh-CN,https://www.bostarcoating.com/products/Automatic-Electrostatic-Rotary-Bell-Atomizer/automatic-electrostatic-powder-rotary-bell-bsd-cu300,https://www.bostarcoating.com/en/products/Automatic-Electrostatic-Rotary-Bell-Atomizer/automatic-electrostatic-powder-rotary-bell-bsd-cu300,https://www.bostarcoating.com/products/Automatic-Electrostatic-Rotary-Bell-Atomizer/automatic-electrostatic-powder-rotary-bell-bsd-cu300,PASS,IN_SITEMAP,Answer | Brand | BreadcrumbList | ContactPoint | Country | EducationalOccupationalCredential | EntryPoint | FAQPage | HowTo | HowToStep | IndustrialManufacturer | Language | ListItem | OfferCatalog | Organization | PostalAddress | Product | PropertyValue | QuantitativeValue | Question | SearchAction | WebSite,PRESENT,https://www.bostarcoating.com/products/Automatic-Electrostatic-Rotary-Bell-Atomizer/automatic-electrostatic-powder-rotary-bell-bsd-cu300,PASS,
https://www.bostarcoating.com/products/Automatic-Electrostatic-Rotary-Bell-Atomizer/bell-cup-automatic-electrostatic-coating-system-bsd-3029,200,product-detail,液体自动静电旋杯 | BOSTAR,博士达BOSTAR内置高压型自动静电旋杯喷涂系统（型号：BSD-3029），专为溶剂型和水性涂料的高端自动化表面处理设计 。系统将先进的静电旋杯雾化技术与高效内加电工艺完美结合，上漆效率最高可达95% 。具备超高涂料利用率、漆膜细腻均匀以及包覆效果良好的核心技术卖点，可从根本上消除传统喷涂中的过喷与飞溅，旨在为工业现代化流水线提供稳定、安全且低材料成本的高品质全自动涂装解决方案 。,液体自动静电旋杯,https://www.bostarcoating.com/products/Automatic-Electrostatic-Rotary-Bell-Atomizer/bell-cup-automatic-electrostatic-coating-system-bsd-3029,PASS,"index, follow",zh-CN,https://www.bostarcoating.com/products/Automatic-Electrostatic-Rotary-Bell-Atomizer/bell-cup-automatic-electrostatic-coating-system-bsd-3029,https://www.bostarcoating.com/en/products/Automatic-Electrostatic-Rotary-Bell-Atomizer/bell-cup-automatic-electrostatic-coating-system-bsd-3029,https://www.bostarcoating.com/products/Automatic-Electrostatic-Rotary-Bell-Atomizer/bell-cup-automatic-electrostatic-coating-system-bsd-3029,PASS,IN_SITEMAP,Answer | Brand | BreadcrumbList | ContactPoint | Country | EducationalOccupationalCredential | EntryPoint | FAQPage | IndustrialManufacturer | Language | ListItem | OfferCatalog | Organization | PostalAddress | Product | PropertyValue | QuantitativeValue | Question | SearchAction | WebSite,PRESENT,https://www.bostarcoating.com/products/Automatic-Electrostatic-Rotary-Bell-Atomizer/bell-cup-automatic-electrostatic-coating-system-bsd-3029,PASS,
https://www.bostarcoating.com/products/automatic-powder-spray-gun,200,product-category,自动粉末静电喷枪 | BOSTAR,自动粉末静电喷枪系列,自动粉末静电喷枪,https://www.bostarcoating.com/products/automatic-powder-spray-gun,PASS,"index, follow",zh-CN,https://www.bostarcoating.com/products/automatic-powder-spray-gun,https://www.bostarcoating.com/en/products/automatic-powder-spray-gun,https://www.bostarcoating.com/products/automatic-powder-spray-gun,PASS,IN_SITEMAP,Brand | BreadcrumbList | ContactPoint | Country | EducationalOccupationalCredential | EntryPoint | IndustrialManufacturer | Language | ListItem | OfferCatalog | Organization | PostalAddress | PropertyValue | QuantitativeValue | SearchAction | WebSite,PRESENT,https://www.bostarcoating.com/products/automatic-powder-spray-gun,PASS,
https://www.bostarcoating.com/products/automatic-powder-spray-gun/automatic-powder-spray-gun,200,product-detail,自动粉末静电喷枪 | BOSTAR,自动粉末静电喷枪用于工业粉末静电喷涂场景。,自动粉末静电喷枪,https://www.bostarcoating.com/products/automatic-powder-spray-gun/automatic-powder-spray-gun,PASS,"index, follow",zh-CN,https://www.bostarcoating.com/products/automatic-powder-spray-gun/automatic-powder-spray-gun,https://www.bostarcoating.com/en/products/automatic-powder-spray-gun/automatic-powder-spray-gun,https://www.bostarcoating.com/products/automatic-powder-spray-gun/automatic-powder-spray-gun,PASS,IN_SITEMAP,Answer | Brand | BreadcrumbList | ContactPoint | Country | EducationalOccupationalCredential | EntryPoint | FAQPage | IndustrialManufacturer | Language | ListItem | OfferCatalog | Organization | PostalAddress | Product | PropertyValue | QuantitativeValue | Question | SearchAction | WebSite,PRESENT,https://www.bostarcoating.com/products/automatic-powder-spray-gun/automatic-powder-spray-gun,PASS,
https://www.bostarcoating.com/products/automation-equipment,200,product-category,涂装自动化设备 | BOSTAR,涂装自动化设备系列,涂装自动化设备,https://www.bostarcoating.com/products/automation-equipment,PASS,"index, follow",zh-CN,https://www.bostarcoating.com/products/automation-equipment,https://www.bostarcoating.com/en/products/automation-equipment,https://www.bostarcoating.com/products/automation-equipment,PASS,IN_SITEMAP,Brand | BreadcrumbList | ContactPoint | Country | EducationalOccupationalCredential | EntryPoint | IndustrialManufacturer | Language | ListItem | OfferCatalog | Organization | PostalAddress | PropertyValue | QuantitativeValue | SearchAction | WebSite,PRESENT,https://www.bostarcoating.com/products/automation-equipment,PASS,
https://www.bostarcoating.com/products/electrostatic-flocking-machine,200,product-category,静电喷绒机 | BOSTAR,产品分类与产品列表。,静电喷绒机,https://www.bostarcoating.com/products/electrostatic-flocking-machine,PASS,"index, follow",zh-CN,https://www.bostarcoating.com/products/electrostatic-flocking-machine,https://www.bostarcoating.com/en/products/electrostatic-flocking-machine,https://www.bostarcoating.com/products/electrostatic-flocking-machine,PASS,IN_SITEMAP,Brand | BreadcrumbList | ContactPoint | Country | EducationalOccupationalCredential | EntryPoint | IndustrialManufacturer | Language | ListItem | OfferCatalog | Organization | PostalAddress | PropertyValue | QuantitativeValue | SearchAction | WebSite,PRESENT,https://www.bostarcoating.com/products/electrostatic-flocking-machine,PASS,
https://www.bostarcoating.com/products/electrostatic-flocking-machine/manual-electrostatic-flocking-velvet-spraying-machine,200,product-detail,手动静电喷绒机 | BOSTAR,博士达（BOSTAR）手动静电喷绒机，采用先进的高压静电场定向纤维排列技术，输出电压高达 100KV。设备攻克了传统箱式植绒和手摇植绒难以应对的凹槽死角、大型摆件及复杂三维表面的植绒难题。具备极佳的雾化和静电效果，大幅提升绒毛利用率，并搭载智能电流限制安全保护系统，是汽车内饰、光学设备、建筑材料和工艺装饰等行业的高性能植绒首选。,手动静电喷绒机,https://www.bostarcoating.com/products/electrostatic-flocking-machine/manual-electrostatic-flocking-velvet-spraying-machine,PASS,"index, follow",zh-CN,https://www.bostarcoating.com/products/electrostatic-flocking-machine/manual-electrostatic-flocking-velvet-spraying-machine,https://www.bostarcoating.com/en/products/electrostatic-flocking-machine/manual-electrostatic-flocking-velvet-spraying-machine,https://www.bostarcoating.com/products/electrostatic-flocking-machine/manual-electrostatic-flocking-velvet-spraying-machine,PASS,IN_SITEMAP,Answer | Brand | BreadcrumbList | ContactPoint | Country | EducationalOccupationalCredential | EntryPoint | FAQPage | HowTo | HowToStep | IndustrialManufacturer | Language | ListItem | OfferCatalog | Organization | PostalAddress | Product | PropertyValue | QuantitativeValue | Question | SearchAction | WebSite,PRESENT,https://www.bostarcoating.com/products/electrostatic-flocking-machine/manual-electrostatic-flocking-velvet-spraying-machine,PASS,
https://www.bostarcoating.com/products/electrostatic-rotary-bell-system,200,product-category,DISK 静电旋碟喷涂系统 | BOSTAR,DISK 静电旋碟喷涂系统系列,DISK 静电旋碟喷涂系统,https://www.bostarcoating.com/products/electrostatic-rotary-bell-system,PASS,"index, follow",zh-CN,https://www.bostarcoating.com/products/electrostatic-rotary-bell-system,https://www.bostarcoating.com/en/products/electrostatic-rotary-bell-system,https://www.bostarcoating.com/products/electrostatic-rotary-bell-system,PASS,IN_SITEMAP,Brand | BreadcrumbList | ContactPoint | Country | EducationalOccupationalCredential | EntryPoint | IndustrialManufacturer | Language | ListItem | OfferCatalog | Organization | PostalAddress | PropertyValue | QuantitativeValue | SearchAction | WebSite,PRESENT,https://www.bostarcoating.com/products/electrostatic-rotary-bell-system,PASS,
https://www.bostarcoating.com/products/electrostatic-rotary-bell-system/disk-automatic-electrostatic-coating-system,200,product-detail,DISK碟式静电喷涂系统 | BOSTAR,博士达欧米伽Ω圆盘型DISK自动静电喷涂系统（型号：BSD-3036），采用自主研发的高压静电技术与精密的制作工艺 。系统将先进的静电包复效应与间接加料设计完美结合，油漆利用率较传统空气喷涂成倍提升（最高上漆率达95%），具备死角涂装覆盖全、漆雾飞散少的显著优势，旨在为大规模工业流水线提供低成本、高恒定品质的高效自动化涂装解决方案 。,DISK碟式静电喷涂系统,https://www.bostarcoating.com/products/electrostatic-rotary-bell-system/disk-automatic-electrostatic-coating-system,PASS,"index, follow",zh-CN,https://www.bostarcoating.com/products/electrostatic-rotary-bell-system/disk-automatic-electrostatic-coating-system,https://www.bostarcoating.com/en/products/electrostatic-rotary-bell-system/disk-automatic-electrostatic-coating-system,https://www.bostarcoating.com/products/electrostatic-rotary-bell-system/disk-automatic-electrostatic-coating-system,PASS,IN_SITEMAP,Answer | Brand | BreadcrumbList | ContactPoint | Country | EducationalOccupationalCredential | EntryPoint | FAQPage | IndustrialManufacturer | Language | ListItem | OfferCatalog | Organization | PostalAddress | Product | PropertyValue | QuantitativeValue | Question | SearchAction | WebSite,PRESENT,https://www.bostarcoating.com/products/electrostatic-rotary-bell-system/disk-automatic-electrostatic-coating-system,PASS,
https://www.bostarcoating.com/products/High-Pressure-Airless-Spraying-Equipment,200,product-category,高压无气喷涂设备 | BOSTAR,高压无气喷涂设备产品目录。,高压无气喷涂设备,https://www.bostarcoating.com/products/High-Pressure-Airless-Spraying-Equipment,PASS,"index, follow",zh-CN,https://www.bostarcoating.com/products/High-Pressure-Airless-Spraying-Equipment,https://www.bostarcoating.com/en/products/High-Pressure-Airless-Spraying-Equipment,https://www.bostarcoating.com/products/High-Pressure-Airless-Spraying-Equipment,PASS,IN_SITEMAP,Brand | BreadcrumbList | ContactPoint | Country | EducationalOccupationalCredential | EntryPoint | IndustrialManufacturer | Language | ListItem | OfferCatalog | Organization | PostalAddress | PropertyValue | QuantitativeValue | SearchAction | WebSite,PRESENT,https://www.bostarcoating.com/products/High-Pressure-Airless-Spraying-Equipment,PASS,
https://www.bostarcoating.com/products/Manual-Electrostatic-Liquid-Spray-Gun,200,product-category,手动液体静电喷枪 | BOSTAR,手动液体静电喷枪产品目录。,手动液体静电喷枪,https://www.bostarcoating.com/products/Manual-Electrostatic-Liquid-Spray-Gun,PASS,"index, follow",zh-CN,https://www.bostarcoating.com/products/Manual-Electrostatic-Liquid-Spray-Gun,https://www.bostarcoating.com/en/products/Manual-Electrostatic-Liquid-Spray-Gun,https://www.bostarcoating.com/products/Manual-Electrostatic-Liquid-Spray-Gun,PASS,IN_SITEMAP,Brand | BreadcrumbList | ContactPoint | Country | EducationalOccupationalCredential | EntryPoint | IndustrialManufacturer | Language | ListItem | OfferCatalog | Organization | PostalAddress | PropertyValue | QuantitativeValue | SearchAction | WebSite,PRESENT,https://www.bostarcoating.com/products/Manual-Electrostatic-Liquid-Spray-Gun,PASS,
https://www.bostarcoating.com/products/Manual-Electrostatic-Liquid-Spray-Gun/bsd-3009a-manual-liquid-electrostatic-spray-gun,200,product-detail,手动液体静电喷枪 (水油通用系列) | BOSTAR,BSD-3009A 是一款专为高效表面涂装设计的手动液体静电喷枪 。枪身仅重 396 克 ，搭载全新内置高压发生器 ，静电利用率高达 98% 。产品具备卓越的静电包裹效果 与超高传输效率 ，相比传统空气喷枪可节省油漆达 30%~45%，是工业机械、五金家具、3C电子等行业提升喷涂质量与降本增效的理想选择 。,手动液体静电喷枪 (水油通用系列),https://www.bostarcoating.com/products/Manual-Electrostatic-Liquid-Spray-Gun/bsd-3009a-manual-liquid-electrostatic-spray-gun,PASS,"index, follow",zh-CN,https://www.bostarcoating.com/products/Manual-Electrostatic-Liquid-Spray-Gun/bsd-3009a-manual-liquid-electrostatic-spray-gun,https://www.bostarcoating.com/en/products/Manual-Electrostatic-Liquid-Spray-Gun/bsd-3009a-manual-liquid-electrostatic-spray-gun,https://www.bostarcoating.com/products/Manual-Electrostatic-Liquid-Spray-Gun/bsd-3009a-manual-liquid-electrostatic-spray-gun,PASS,IN_SITEMAP,Answer | Brand | BreadcrumbList | ContactPoint | Country | EducationalOccupationalCredential | EntryPoint | FAQPage | HowTo | HowToStep | IndustrialManufacturer | Language | ListItem | OfferCatalog | Organization | PostalAddress | Product | PropertyValue | QuantitativeValue | Question | SearchAction | WebSite,PRESENT,https://www.bostarcoating.com/products/Manual-Electrostatic-Liquid-Spray-Gun/bsd-3009a-manual-liquid-electrostatic-spray-gun,PASS,
https://www.bostarcoating.com/products/Manual-Electrostatic-Liquid-Spray-Gun/manual-liquid-electrostatic-spray-gun,200,product-detail,手动液体静电喷枪 | BOSTAR,工业喷涂产品详情、参数总览与询盘入口。,手动液体静电喷枪,https://www.bostarcoating.com/products/Manual-Electrostatic-Liquid-Spray-Gun/manual-liquid-electrostatic-spray-gun,PASS,"index, follow",zh-CN,https://www.bostarcoating.com/products/Manual-Electrostatic-Liquid-Spray-Gun/manual-liquid-electrostatic-spray-gun,https://www.bostarcoating.com/en/products/Manual-Electrostatic-Liquid-Spray-Gun/manual-liquid-electrostatic-spray-gun,https://www.bostarcoating.com/products/Manual-Electrostatic-Liquid-Spray-Gun/manual-liquid-electrostatic-spray-gun,PASS,IN_SITEMAP,Answer | Brand | BreadcrumbList | ContactPoint | Country | EducationalOccupationalCredential | EntryPoint | FAQPage | IndustrialManufacturer | Language | ListItem | OfferCatalog | Organization | PostalAddress | Product | PropertyValue | QuantitativeValue | Question | SearchAction | WebSite,PRESENT,https://www.bostarcoating.com/products/Manual-Electrostatic-Liquid-Spray-Gun/manual-liquid-electrostatic-spray-gun,PASS,
https://www.bostarcoating.com/products/manual-powder-coating-gun,200,product-category,手动粉末静电喷枪 | BOSTAR,手动粉末静电喷枪系列,手动粉末静电喷枪,https://www.bostarcoating.com/products/manual-powder-coating-gun,PASS,"index, follow",zh-CN,https://www.bostarcoating.com/products/manual-powder-coating-gun,https://www.bostarcoating.com/en/products/manual-powder-coating-gun,https://www.bostarcoating.com/products/manual-powder-coating-gun,PASS,IN_SITEMAP,Brand | BreadcrumbList | ContactPoint | Country | EducationalOccupationalCredential | EntryPoint | IndustrialManufacturer | Language | ListItem | OfferCatalog | Organization | PostalAddress | PropertyValue | QuantitativeValue | SearchAction | WebSite,PRESENT,https://www.bostarcoating.com/products/manual-powder-coating-gun,PASS,
https://www.bostarcoating.com/products/manual-powder-coating-gun/manual-electrostatic-powder-spray-gun,200,product-detail,手动粉末静电喷枪 | BOSTAR,工业喷涂产品详情、参数总览与询盘入口。,手动粉末静电喷枪,https://www.bostarcoating.com/products/manual-powder-coating-gun/manual-electrostatic-powder-spray-gun,PASS,"index, follow",zh-CN,https://www.bostarcoating.com/products/manual-powder-coating-gun/manual-electrostatic-powder-spray-gun,https://www.bostarcoating.com/en/products/manual-powder-coating-gun/manual-electrostatic-powder-spray-gun,https://www.bostarcoating.com/products/manual-powder-coating-gun/manual-electrostatic-powder-spray-gun,PASS,IN_SITEMAP,Answer | Brand | BreadcrumbList | ContactPoint | Country | EducationalOccupationalCredential | EntryPoint | FAQPage | IndustrialManufacturer | Language | ListItem | OfferCatalog | Organization | PostalAddress | Product | PropertyValue | QuantitativeValue | Question | SearchAction | WebSite,PRESENT,https://www.bostarcoating.com/products/manual-powder-coating-gun/manual-electrostatic-powder-spray-gun,PASS,
https://www.bostarcoating.com/products/manual-powder-coating-gun/manual-electrostatic-powder-spray-gun-bsd-f22,200,product-detail,手动粉末静电喷枪 | BOSTAR,工业喷涂产品详情、参数总览与询盘入口。,手动粉末静电喷枪,https://www.bostarcoating.com/products/manual-powder-coating-gun/manual-electrostatic-powder-spray-gun-bsd-f22,PASS,"index, follow",zh-CN,https://www.bostarcoating.com/products/manual-powder-coating-gun/manual-electrostatic-powder-spray-gun-bsd-f22,https://www.bostarcoating.com/en/products/manual-powder-coating-gun/manual-electrostatic-powder-spray-gun-bsd-f22,https://www.bostarcoating.com/products/manual-powder-coating-gun/manual-electrostatic-powder-spray-gun-bsd-f22,PASS,IN_SITEMAP,Answer | Brand | BreadcrumbList | ContactPoint | Country | EducationalOccupationalCredential | EntryPoint | FAQPage | IndustrialManufacturer | Language | ListItem | OfferCatalog | Organization | PostalAddress | Product | PropertyValue | QuantitativeValue | Question | SearchAction | WebSite,PRESENT,https://www.bostarcoating.com/products/manual-powder-coating-gun/manual-electrostatic-powder-spray-gun-bsd-f22,PASS,
https://www.bostarcoating.com/products/manual-powder-coating-gun/manual-powder-spray-gun,200,product-detail,手动粉末静电喷枪 | BOSTAR,粉末静电喷涂控制器用于工业粉末静电喷涂场景。,手动粉末静电喷枪,https://www.bostarcoating.com/products/manual-powder-coating-gun/manual-powder-spray-gun,PASS,"index, follow",zh-CN,https://www.bostarcoating.com/products/manual-powder-coating-gun/manual-powder-spray-gun,https://www.bostarcoating.com/en/products/manual-powder-coating-gun/manual-powder-spray-gun,https://www.bostarcoating.com/products/manual-powder-coating-gun/manual-powder-spray-gun,PASS,IN_SITEMAP,Answer | Brand | BreadcrumbList | ContactPoint | Country | EducationalOccupationalCredential | EntryPoint | FAQPage | IndustrialManufacturer | Language | ListItem | OfferCatalog | Organization | PostalAddress | Product | PropertyValue | QuantitativeValue | Question | SearchAction | WebSite,PRESENT,https://www.bostarcoating.com/products/manual-powder-coating-gun/manual-powder-spray-gun,PASS,
https://www.bostarcoating.com/products/manual-powder-coating-gun/powder-coating-gun,200,product-detail,手动粉末静电喷枪 | BOSTAR,BSD-5011S是一款专为高工业标准表面处理设计的智能手动粉末静电喷枪系统 。系统深度集成了数字步进阀气路控制单元、流体力学优化文丘里粉泵及CFD枪体流道设计，使荷电效率显著提升40%，综合后期维护成本直降30%以上。设备内置平板、复杂、返喷三大智能预设专家模式与100组配方存储空间，可有效将综合涂装次品率降低45%以上，广泛适用于建筑铝型材、新能源汽车配件、白色家电及3C电子等多元化工业表面涂装场景。,手动粉末静电喷枪,https://www.bostarcoating.com/products/manual-powder-coating-gun/powder-coating-gun,PASS,"index, follow",zh-CN,https://www.bostarcoating.com/products/manual-powder-coating-gun/powder-coating-gun,https://www.bostarcoating.com/en/products/manual-powder-coating-gun/powder-coating-gun,https://www.bostarcoating.com/products/manual-powder-coating-gun/powder-coating-gun,PASS,IN_SITEMAP,Answer | Brand | BreadcrumbList | ContactPoint | Country | EducationalOccupationalCredential | EntryPoint | FAQPage | HowTo | HowToStep | IndustrialManufacturer | Language | ListItem | OfferCatalog | Organization | PostalAddress | Product | PropertyValue | QuantitativeValue | Question | SearchAction | WebSite,PRESENT,https://www.bostarcoating.com/products/manual-powder-coating-gun/powder-coating-gun,PASS,
https://www.bostarcoating.com/products/spray-gun-accessories,200,product-category,喷枪配件 | BOSTAR,产品分类与产品列表。,喷枪配件,https://www.bostarcoating.com/products/spray-gun-accessories,PASS,"index, follow",zh-CN,https://www.bostarcoating.com/products/spray-gun-accessories,https://www.bostarcoating.com/en/products/spray-gun-accessories,https://www.bostarcoating.com/products/spray-gun-accessories,PASS,IN_SITEMAP,Brand | BreadcrumbList | ContactPoint | Country | EducationalOccupationalCredential | EntryPoint | IndustrialManufacturer | Language | ListItem | OfferCatalog | Organization | PostalAddress | PropertyValue | QuantitativeValue | SearchAction | WebSite,PRESENT,https://www.bostarcoating.com/products/spray-gun-accessories,PASS,
https://www.bostarcoating.com/products/spray-gun-accessories/manual-powder-electrostatic-spray-gun-led-light-kit,200,product-detail,手动粉末静电喷枪专用LED强光照明与缺陷检测灯套件 | BOSTAR,本LED灯套件专为手动粉末静电喷涂枪研发，采用创新的喷枪直接供电与扳机联动技术（扣动即亮、松开延时关闭）。模块化分体结构设计，加装总增重仅13.5g，完美保持喷枪原有手感与配重平衡。核心解决复杂工件凹槽、深腔及死角阴影区的照明难题，实现“喷涂-检测”同步进行，精准控制粉末留存厚度，显著降低粉末材料浪费与次品返工率。,手动粉末静电喷枪专用LED强光照明与缺陷检测灯套件,https://www.bostarcoating.com/products/spray-gun-accessories/manual-powder-electrostatic-spray-gun-led-light-kit,PASS,"index, follow",zh-CN,https://www.bostarcoating.com/products/spray-gun-accessories/manual-powder-electrostatic-spray-gun-led-light-kit,https://www.bostarcoating.com/en/products/spray-gun-accessories/manual-powder-electrostatic-spray-gun-led-light-kit,https://www.bostarcoating.com/products/spray-gun-accessories/manual-powder-electrostatic-spray-gun-led-light-kit,PASS,IN_SITEMAP,Answer | Brand | BreadcrumbList | ContactPoint | Country | EducationalOccupationalCredential | EntryPoint | FAQPage | HowTo | HowToStep | IndustrialManufacturer | Language | ListItem | OfferCatalog | Organization | PostalAddress | Product | PropertyValue | QuantitativeValue | Question | SearchAction | WebSite,PRESENT,https://www.bostarcoating.com/products/spray-gun-accessories/manual-powder-electrostatic-spray-gun-led-light-kit,PASS,
https://www.bostarcoating.com/products/Testing-Instruments,200,product-category,检测仪器与配件 | BOSTAR,用于电阻、接地、高压与喷涂质量检测。,检测仪器与配件,https://www.bostarcoating.com/products/Testing-Instruments,PASS,"index, follow",zh-CN,https://www.bostarcoating.com/products/Testing-Instruments,https://www.bostarcoating.com/en/products/Testing-Instruments,https://www.bostarcoating.com/products/Testing-Instruments,PASS,IN_SITEMAP,Brand | BreadcrumbList | ContactPoint | Country | EducationalOccupationalCredential | EntryPoint | IndustrialManufacturer | Language | ListItem | OfferCatalog | Organization | PostalAddress | PropertyValue | QuantitativeValue | SearchAction | WebSite,PRESENT,https://www.bostarcoating.com/products/Testing-Instruments,PASS,
https://www.bostarcoating.com/products/Testing-Instruments/paint-resistance-tester-zk815,200,product-detail,油漆电阻测试仪 | BOSTAR,ZK-815 涂料阻抗检测仪（油漆电阻测试仪）采用工业级 MCU 微控制器芯片与全量程智能防烧技术，专为静电喷涂、涂料研发与流水线质检打造 。设备支持 0~450MΩ宽量程数字显示，具备油性漆/水性漆双模式独立分档、高压自动安全放电及高清液晶背光大屏 。其轻量化防摔外壳配合高光滑耐腐蚀探针，能显著优化静电喷涂工艺的颗粒吸附率、提高漆料利用率并降低企业生产成本，是涂装数字工艺管控的理想选择 。,油漆电阻测试仪,https://www.bostarcoating.com/products/Testing-Instruments/paint-resistance-tester-zk815,PASS,"index, follow",zh-CN,https://www.bostarcoating.com/products/Testing-Instruments/paint-resistance-tester-zk815,https://www.bostarcoating.com/en/products/Testing-Instruments/paint-resistance-tester-zk815,https://www.bostarcoating.com/products/Testing-Instruments/paint-resistance-tester-zk815,PASS,IN_SITEMAP,Answer | Brand | BreadcrumbList | ContactPoint | Country | EducationalOccupationalCredential | EntryPoint | FAQPage | HowTo | HowToStep | IndustrialManufacturer | Language | ListItem | OfferCatalog | Organization | PostalAddress | Product | PropertyValue | QuantitativeValue | Question | SearchAction | WebSite,PRESENT,https://www.bostarcoating.com/products/Testing-Instruments/paint-resistance-tester-zk815,PASS,
https://www.bostarcoating.com/service,200,service,服务与支持 | BOSTAR,博士达提供设备选型、安装调试、操作培训、维护与故障排查支持。,服务与支持,https://www.bostarcoating.com/service,PASS,"index, follow",zh-CN,https://www.bostarcoating.com/service,https://www.bostarcoating.com/en/service,https://www.bostarcoating.com/service,PASS,IN_SITEMAP,Brand | BreadcrumbList | ContactPoint | Country | EducationalOccupationalCredential | EntryPoint | IndustrialManufacturer | Language | ListItem | OfferCatalog | Organization | PostalAddress | PropertyValue | QuantitativeValue | SearchAction | WebSite,PRESENT,https://www.bostarcoating.com/service,PASS,
https://www.bostarcoating.com/solutions,200,solution-index,解决方案 | BOSTAR,博士达面向五金件、铝型材、机箱机柜、家具五金、汽车零部件和自动化喷涂线的解决方案。,解决方案,https://www.bostarcoating.com/solutions,PASS,"index, follow",zh-CN,https://www.bostarcoating.com/solutions,https://www.bostarcoating.com/en/solutions,https://www.bostarcoating.com/solutions,PASS,IN_SITEMAP,Brand | BreadcrumbList | ContactPoint | Country | EducationalOccupationalCredential | EntryPoint | IndustrialManufacturer | Language | ListItem | OfferCatalog | Organization | PostalAddress | PropertyValue | QuantitativeValue | SearchAction | WebSite,PRESENT,https://www.bostarcoating.com/solutions,PASS,
https://www.bostarcoating.com/solutions/aluminum-profile-powder-coating,200,solution-detail,aluminum-profile-powder-coating 解决方案 | BOSTAR,按工件、产量、换色和质量目标组合设备。,aluminum-profile-powder-coating 解决方案,https://www.bostarcoating.com/solutions/aluminum-profile-powder-coating,PASS,"index, follow",zh-CN,https://www.bostarcoating.com/solutions/aluminum-profile-powder-coating,https://www.bostarcoating.com/en/solutions/aluminum-profile-powder-coating,https://www.bostarcoating.com/solutions/aluminum-profile-powder-coating,PASS,IN_SITEMAP,Answer | Brand | BreadcrumbList | ContactPoint | Country | EducationalOccupationalCredential | EntryPoint | FAQPage | IndustrialManufacturer | Language | ListItem | OfferCatalog | Organization | PostalAddress | PropertyValue | QuantitativeValue | Question | SearchAction | WebSite,PRESENT,https://www.bostarcoating.com/solutions/aluminum-profile-powder-coating,PASS,
https://www.bostarcoating.com/solutions/auto-parts-coating,200,solution-detail,auto-parts-coating 解决方案 | BOSTAR,按工件、产量、换色和质量目标组合设备。,auto-parts-coating 解决方案,https://www.bostarcoating.com/solutions/auto-parts-coating,PASS,"index, follow",zh-CN,https://www.bostarcoating.com/solutions/auto-parts-coating,https://www.bostarcoating.com/en/solutions/auto-parts-coating,https://www.bostarcoating.com/solutions/auto-parts-coating,PASS,IN_SITEMAP,Answer | Brand | BreadcrumbList | ContactPoint | Country | EducationalOccupationalCredential | EntryPoint | FAQPage | IndustrialManufacturer | Language | ListItem | OfferCatalog | Organization | PostalAddress | PropertyValue | QuantitativeValue | Question | SearchAction | WebSite,PRESENT,https://www.bostarcoating.com/solutions/auto-parts-coating,PASS,
https://www.bostarcoating.com/solutions/automatic-coating-line,200,solution-detail,automatic-coating-line 解决方案 | BOSTAR,按工件、产量、换色和质量目标组合设备。,automatic-coating-line 解决方案,https://www.bostarcoating.com/solutions/automatic-coating-line,PASS,"index, follow",zh-CN,https://www.bostarcoating.com/solutions/automatic-coating-line,https://www.bostarcoating.com/en/solutions/automatic-coating-line,https://www.bostarcoating.com/solutions/automatic-coating-line,PASS,IN_SITEMAP,Answer | Brand | BreadcrumbList | ContactPoint | Country | EducationalOccupationalCredential | EntryPoint | FAQPage | IndustrialManufacturer | Language | ListItem | OfferCatalog | Organization | PostalAddress | PropertyValue | QuantitativeValue | Question | SearchAction | WebSite,PRESENT,https://www.bostarcoating.com/solutions/automatic-coating-line,PASS,
https://www.bostarcoating.com/solutions/cabinet-powder-coating,200,solution-detail,cabinet-powder-coating 解决方案 | BOSTAR,按工件、产量、换色和质量目标组合设备。,cabinet-powder-coating 解决方案,https://www.bostarcoating.com/solutions/cabinet-powder-coating,PASS,"index, follow",zh-CN,https://www.bostarcoating.com/solutions/cabinet-powder-coating,https://www.bostarcoating.com/en/solutions/cabinet-powder-coating,https://www.bostarcoating.com/solutions/cabinet-powder-coating,PASS,IN_SITEMAP,Answer | Brand | BreadcrumbList | ContactPoint | Country | EducationalOccupationalCredential | EntryPoint | FAQPage | IndustrialManufacturer | Language | ListItem | OfferCatalog | Organization | PostalAddress | PropertyValue | QuantitativeValue | Question | SearchAction | WebSite,PRESENT,https://www.bostarcoating.com/solutions/cabinet-powder-coating,PASS,
https://www.bostarcoating.com/solutions/furniture-hardware-coating,200,solution-detail,furniture-hardware-coating 解决方案 | BOSTAR,按工件、产量、换色和质量目标组合设备。,furniture-hardware-coating 解决方案,https://www.bostarcoating.com/solutions/furniture-hardware-coating,PASS,"index, follow",zh-CN,https://www.bostarcoating.com/solutions/furniture-hardware-coating,https://www.bostarcoating.com/en/solutions/furniture-hardware-coating,https://www.bostarcoating.com/solutions/furniture-hardware-coating,PASS,IN_SITEMAP,Answer | Brand | BreadcrumbList | ContactPoint | Country | EducationalOccupationalCredential | EntryPoint | FAQPage | IndustrialManufacturer | Language | ListItem | OfferCatalog | Organization | PostalAddress | PropertyValue | QuantitativeValue | Question | SearchAction | WebSite,PRESENT,https://www.bostarcoating.com/solutions/furniture-hardware-coating,PASS,
https://www.bostarcoating.com/solutions/hardware-powder-coating,200,solution-detail,hardware-powder-coating 解决方案 | BOSTAR,按工件、产量、换色和质量目标组合设备。,hardware-powder-coating 解决方案,https://www.bostarcoating.com/solutions/hardware-powder-coating,PASS,"index, follow",zh-CN,https://www.bostarcoating.com/solutions/hardware-powder-coating,https://www.bostarcoating.com/en/solutions/hardware-powder-coating,https://www.bostarcoating.com/solutions/hardware-powder-coating,PASS,IN_SITEMAP,Answer | Brand | BreadcrumbList | ContactPoint | Country | EducationalOccupationalCredential | EntryPoint | FAQPage | IndustrialManufacturer | Language | ListItem | OfferCatalog | Organization | PostalAddress | PropertyValue | QuantitativeValue | Question | SearchAction | WebSite,PRESENT,https://www.bostarcoating.com/solutions/hardware-powder-coating,PASS,
https://www.bostarcoating.com/solutions/lab-sample-coating,200,solution-detail,lab-sample-coating 解决方案 | BOSTAR,按工件、产量、换色和质量目标组合设备。,lab-sample-coating 解决方案,https://www.bostarcoating.com/solutions/lab-sample-coating,PASS,"index, follow",zh-CN,https://www.bostarcoating.com/solutions/lab-sample-coating,https://www.bostarcoating.com/en/solutions/lab-sample-coating,https://www.bostarcoating.com/solutions/lab-sample-coating,PASS,IN_SITEMAP,Answer | Brand | BreadcrumbList | ContactPoint | Country | EducationalOccupationalCredential | EntryPoint | FAQPage | IndustrialManufacturer | Language | ListItem | OfferCatalog | Organization | PostalAddress | PropertyValue | QuantitativeValue | Question | SearchAction | WebSite,PRESENT,https://www.bostarcoating.com/solutions/lab-sample-coating,PASS,
https://www.bostarcoating.com/videos,200,video-index,视频中心 | BOSTAR,粉末静电喷枪操作、控制器参数设置和喷枪维护视频内容。,视频中心,https://www.bostarcoating.com/videos,PASS,"index, follow",zh-CN,https://www.bostarcoating.com/videos,https://www.bostarcoating.com/en/videos,https://www.bostarcoating.com/videos,PASS,IN_SITEMAP,Brand | BreadcrumbList | ContactPoint | Country | EducationalOccupationalCredential | EntryPoint | IndustrialManufacturer | Language | ListItem | OfferCatalog | Organization | PostalAddress | PropertyValue | QuantitativeValue | SearchAction | WebSite,PRESENT,https://www.bostarcoating.com/videos,PASS,
https://www.bostarcoating.com/videos/controller-setup,200,video-detail,控制器参数设置说明 | BOSTAR,控制器参数设置说明,控制器参数设置说明,https://www.bostarcoating.com/videos/controller-setup,PASS,"index, follow",zh-CN,https://www.bostarcoating.com/videos/controller-setup,https://www.bostarcoating.com/en/videos/controller-setup,https://www.bostarcoating.com/videos/controller-setup,PASS,IN_SITEMAP,Brand | BreadcrumbList | ContactPoint | Country | EducationalOccupationalCredential | EntryPoint | IndustrialManufacturer | Language | ListItem | OfferCatalog | Organization | PostalAddress | PropertyValue | QuantitativeValue | SearchAction | VideoObject | WebSite,PRESENT,https://www.bostarcoating.com/videos/controller-setup,PASS,
https://www.bostarcoating.com/videos/maintenance-cleaning,200,video-detail,喷枪清洁维护流程 | BOSTAR,喷枪清洁维护流程,喷枪清洁维护流程,https://www.bostarcoating.com/videos/maintenance-cleaning,PASS,"index, follow",zh-CN,https://www.bostarcoating.com/videos/maintenance-cleaning,https://www.bostarcoating.com/en/videos/maintenance-cleaning,https://www.bostarcoating.com/videos/maintenance-cleaning,PASS,IN_SITEMAP,Brand | BreadcrumbList | ContactPoint | Country | EducationalOccupationalCredential | EntryPoint | IndustrialManufacturer | Language | ListItem | OfferCatalog | Organization | PostalAddress | PropertyValue | QuantitativeValue | SearchAction | VideoObject | WebSite,PRESENT,https://www.bostarcoating.com/videos/maintenance-cleaning,PASS,
https://www.bostarcoating.com/videos/powder-gun-operation,200,video-detail,粉末静电喷枪基础操作 | BOSTAR,粉末静电喷枪基础操作,粉末静电喷枪基础操作,https://www.bostarcoating.com/videos/powder-gun-operation,PASS,"index, follow",zh-CN,https://www.bostarcoating.com/videos/powder-gun-operation,https://www.bostarcoating.com/en/videos/powder-gun-operation,https://www.bostarcoating.com/videos/powder-gun-operation,PASS,IN_SITEMAP,Brand | BreadcrumbList | ContactPoint | Country | EducationalOccupationalCredential | EntryPoint | IndustrialManufacturer | Language | ListItem | OfferCatalog | Organization | PostalAddress | PropertyValue | QuantitativeValue | SearchAction | VideoObject | WebSite,PRESENT,https://www.bostarcoating.com/videos/powder-gun-operation,PASS,
